name,temperature,luminosity,spectral_type,distance,magnitude
"Sun",5778,1,"G2V",0.0000158,-26.74
"Sirius A",9940,25.4,"A1V",8.6,-1.46
"Sirius B",25200,0.056,"DA2",8.6,8.44
"Betelgeuse",3500,126000,"M2Iab",640,0.5
"Rigel",12100,120000,"B8Iae",860,0.13
"Proxima Centauri",3042,0.0017,"M6V",4.24,11.13
"Alpha Centauri A",5790,1.519,"G2V",4.37,-0.01
"Alpha Centauri B",5260,0.5,"K1V",4.37,1.33
"Vega",9602,40.12,"A0V",25,0.03
"Arcturus",4286,170,"K1.5III",36.7,-0.05
"Capella",4970,78.7,"G3III",42.8,0.08
"Aldebaran",3910,518,"K5III",65,0.85
"Antares",3500,75900,"M1.5Iab",550,1.06
"Spica",22400,12100,"B1III-IV",250,0.98
"Pollux",4666,43,"K0III",33.7,1.14
"Deneb",8525,196000,"A2Ia",2600,1.25
"Polaris",6015,2500,"F7Ib",433,1.97
"HD 752106",19279,8.197196,"B1V",812.2,9.39
"HD 285344",7083,0.00243,"F4V",377.4,16.69
"HD 406807",5888,0.001716,"G5V",497.8,17.7
"HD 606323",8373,0.005985,"DA6",845.5,17.37
"HIP 32134",4150,465.36877,"K5III",181.2,1.77
"HD 621072",4146,0.000318,"K8V",930.1,20.76
"TYC 3403-997-1",12158,22089.652568,"B0Ib",56.9,-3
"HD 916988",9090,0.010467,"A0V",16.2,8.29
"WD 8666+447",12701,0.000914,"DA3",449,18.24
"WD 2806+562",19646,0.000202,"DA2",743.3,20.77
"HD 900704",3122,0.000215,"M7V",329.4,19.23
"HD 883737",2585,0.00023,"M9V",290.7,18.54
"WD 8777+780",7550,0.000816,"A7V",796,19.41
"HD 853959",9874,0.008537,"DA5",963.3,17.43
"HIP 40029",3481,88.297838,"M0IV",645.9,6.19
"HD 726914",10737,0.028894,"B8V",668.6,15.28
"HD 245249",20170,13.834104,"B1IV",771.5,8.63
"TYC 3171-424-1",18353,88318.641429,"B8Ia",586.8,-1.36
"HD 658840",11560,0.062136,"B1V",527.7,13.98
"WD 9695+475",8083,0.001793,"DA6",465.2,17.69
"HD 780620",7988,0.007663,"A1V",901.4,17.17
"HD 198183",15921,1.45836,"B9V",888.8,11.33
"HD 889585",25144,777.723768,"B8III",701.8,4.38
"HD 403950",25339,381.968803,"B9III",938.3,5.9
"HD 131914",3351,0.000206,"M4V",935.4,21.47
"HD 412023",7670,0.001506,"A2V",578.9,18.09
"HD 930136",30665,7244.633161,"O5III",663.2,1.69
"HD 523845",19828,11.942195,"B5IV",767,8.9
"HIP 54058",4100,302.336967,"K0III",161.3,2.09
"HD 391568",19600,18.655371,"B6IV",733.3,8.25
"HIP 58207",4272,1643.054779,"K7III",942.6,4.02
"HD 428721",7451,0.005955,"F3V",910.4,17.68
"HD 581322",3356,0.000494,"M1V",804.7,20.09
"HIP 84027",4654,102.928994,"K1III",812.9,6.75
"HD 158140",16473,0.572092,"B9V",666.7,12.21
"HIP 94791",3437,68.179958,"M4IV",335.1,5.26
"HD 127433",3167,0.000139,"M2V",866.7,21.54
"HIP 95427",5107,457.637718,"K5III",581.3,4.45
"HD 102152",11856,0.045851,"B4V",152.1,11.62
"HD 395881",15395,0.246623,"B7V",377.2,11.66
"HD 894997",11899,0.018809,"B7V",830.5,16.23
"WD 9663+881",7895,0.00049,"A9V",470,19.08
"HD 258946",10792,0.010198,"B1V",142,13.26
"HD 323650",21083,28.124779,"B2IV",215.2,5.15
"HD 342741",6475,0.00173,"F1V",981.8,19.24
"HIP 93817",4261,203.41388,"K0III",445,4.71
"HD 905633",24514,474.97453,"B6III",500.6,4.3
"HD 496151",8726,0.005781,"DA5",372.2,15.68
"HD 458023",4833,0.000886,"K8V",744.1,19.38
"HD 164046",29455,6585.435453,"B3III",796.7,2.41
"HIP 109712",3744,73.088475,"K3IV",537.8,6.4
"HD 397932",3423,0.000255,"M5V",196.5,17.86
"HD 731032",6844,0.000746,"F3V",990.3,19.93
"WD 5260+735",17405,0.000919,"DA2",535.1,18.37
"HD 259108",5089,0.000414,"K6V",883.1,20.56
"HD 506003",3492,0.000162,"M6V",924.5,21.45
"HD 548355",3257,0.000164,"M3V",992.2,21.62
"HD 123930",10186,0.02849,"B3V",768.8,15.59
"HD 770829",23838,153.312447,"B9III",151.1,2.63
"WD 5282+356",14836,0.000058,"DA3",474.8,21.22
"HIP 10540",3312,142.233353,"M0III",800.4,6.49
"HD 888618",25129,292.580584,"B3III",202.6,2.64
"WD 7345+246",9484,0.000264,"DA5",291,18.55
"HD 850049",24859,896.500214,"B7III",360.2,2.7
"HD 769804",2901,0.000182,"M2V",694.4,20.76
"HD 908265",18723,5.450184,"B1V",779.4,9.88
"HIP 84453",4024,192.78002,"K7III",580.9,5.27
"HD 900316",3455,0.00015,"M0V",829,21.45
"HD 658600",6516,0.002279,"F5V",955.7,18.78
"HD 479873",5949,0.001089,"G1V",441.6,17.8
"HIP 47412",4874,233.335715,"K0III",570.2,5.08
"HD 616443",15092,0.740113,"B8V",768.7,12.09
"HIP 34237",4332,187.927904,"K7III",392.2,4.73
"HD 286460",32212,51483.973399,"O1Ib",757.2,-0.11
"HD 358562",20569,17.760714,"B4IV",513.1,7.66
"HD 442508",3853,0.00078,"K1V",742.1,19.47
"HD 719619",2585,0.000159,"M2V",856.6,21.4
"HIP 70809",4726,250.65262,"K1III",853.6,5.74
"HD 453795",29068,7186.996785,"B0III",835.6,2.32
"HD 846778",17407,2.38816,"B0V",536.9,9.86
"HD 991644",19045,14.840059,"B9IV",733.1,8.77
"HD 819842",4567,0.000365,"K3V",961.3,20.58
"HD 653416",8730,0.008486,"DA5",779.2,16.69
"HD 319351",29662,30482.234596,"B1Ia",51.5,-3
"HIP 58071",4948,198.913465,"K9III",199.7,2.89
"HD 312936",28440,1903.955874,"B5III",161.8,0.14
"TYC 8743-820-1",4898,61307.951892,"K8Ia",394,-1.63
"HD 328990",20947,29.389696,"B2IV",503.7,7.16
"HD 138558",18621,2.779042,"B0V",895.8,10.75
"HD 524871",2534,0.000113,"M4V",826.4,21.66
"HD 296990",10294,0.017531,"B8V",472.1,15.07
"HD 933933",15866,0.402142,"B1V",588,12.04
"HD 932655",4872,0.000271,"K9V",479.1,19.58
"HD 764868",7718,0.005855,"A1V",755.8,17.24
"HD 885667",13313,0.135745,"B2V",662.6,13.41
"HD 706808",3223,0.00012,"M5V",717.5,21.23
"HD 495237",15704,0.852953,"B6V",718.9,11.64
"HD 733926",26467,1606.926852,"B6III",627.4,3.2
"HD 702857",8029,0.004409,"DA6",484,16.77
"HD 803137",30876,15285.791999,"O7Ib",770.9,1.3
"HD 550949",13648,0.104121,"B9V",796.1,14.26
"HD 504609",33748,50498.953251,"O0Ia",723.2,-0.03
"HD 108565",3848,0.000167,"K4V",848.6,21.43
"HD 965605",5867,0.000472,"G7V",423.7,18.57
"HD 105479",21457,31.005654,"B7IV",981.6,8.56
"HD 926204",2809,0.000128,"M5V",766.1,21.65
"HD 927604",16465,1.362247,"B6V",975.2,11.86
"WD 8734+951",18684,0.000148,"DA2",602.9,20.73
"WD 5454+100",6661,0.003039,"F5V",681.5,17.73
"HD 244883",30609,24197.367353,"O0Ia",851.8,0.86
"HD 631224",2952,0.00008,"M7V",411.6,20.68
"HD 686566",6284,0.00074,"F4V",997.8,20.19
"HD 260092",8119,0.001634,"DA6",572.9,17.7
"HD 354549",6217,0.001465,"F4V",794.3,18.85
"HIP 60352",3971,218.636411,"K3III",478.7,4.9
"HD 905972",26308,406.048807,"B4III",865.5,5.5
"HD 550593",4760,0.001777,"K4V",386.9,17.09
"HD 403610",3574,0.000072,"M0V",689.3,21.82
"HD 716636",24573,226.709299,"B5III",776.9,5.7
"HIP 80687",3792,30.692564,"K2IV",366.1,6.54
"HD 165737",27088,761.583933,"B9III",931.6,4.87
"HD 154960",13862,0.355901,"B0V",825.5,13.02
"TYC 5783-914-1",20093,54009.818114,"B3Ib",821.2,0
"HIP 108686",4937,92.707527,"K1IV",595.3,6.38
"TYC 7336-267-1",22187,381435.793979,"B9Ia",344.3,-3
"HD 650060",2671,0.000083,"M4V",359.7,20.32
"HD 602955",4902,0.000954,"K2V",453.7,17.99
"HD 936250",7035,0.003107,"F8V",617.7,17.6
"HIP 104565",4798,265.616764,"K5III",984.2,6.07
"HD 449604",10936,0.017822,"B5V",411.4,14.66
"HD 417032",24034,475.48869,"B8III",327.7,3.26
"HIP 48371",3964,165.398353,"K2III",660.5,5.84
"HD 857709",3669,0.000087,"M8V",826.4,22
"HD 474914",10420,0.02127,"B8V",704.8,15.84
"HD 254647",18955,9.12792,"B4V",593.6,8.88
"HD 423837",29254,9119.04306,"B9III",936.6,2.24
"HD 445650",8977,0.007093,"DA5",744.8,16.84
"HD 932383",2831,0.000092,"M5V",895.9,22
"HD 375281",12470,0.122758,"B9V",987.8,14.5
"HD 783879",8208,0.002969,"DA6",336.4,16.37
"HD 979425",33431,65478.816728,"O0Ib",724.4,-0.4
"TYC 3752-927-1",11849,100734.066501,"B1Ia",411.9,-2.24
"WD 8979+620",11876,0.000697,"DA4",864.9,19.88
"HD 115847",27206,1347.563242,"B6III",682.7,3.64
"HIP 18860",4598,166.82397,"K6III",640.3,5.62
"HIP 5127",3125,429.208684,"M9III",965,5.51
"HD 807826",4540,0.000294,"K3V",676.3,20.22
"HIP 108592",3671,35.023207,"M5IV",858.1,8.14
"HIP 32215",3330,56.628466,"M0IV",758.4,7.1
"HD 116231",27900,10444.265944,"B5Ib",341.4,-0.25
"WD 9232+388",17620,0.001086,"DA2",999.8,19.55
"HD 206869",7241,0.001428,"F9V",746.2,18.67
"HD 453844",5284,0.000245,"G8V",969.4,21.17
"WD 4290+689",17827,0.000764,"DA2",985.4,19.9
"HD 917962",2720,0.00005,"M4V",849.2,22
"HD 473148",24204,167.524655,"B7III",817.1,6.32
"HD 793170",3971,0.000252,"K4V",744.4,20.55
"WD 3013+926",11342,0.000176,"DA4",593.7,20.52
"HD 669212",21591,28.066712,"B9IV",333.6,6.28
"HIP 41749",4509,190.755266,"K4III",972.3,6.44
"HIP 34073",4372,71.460809,"K3IV",871,7.17
"WD 4175+334",9598,0.000358,"DA5",426.5,19.01
"HD 588502",5097,0.00053,"K9V",554.9,18.98
"HD 498104",23169,116.162183,"B0III",937.3,6.93
"HD 986295",33384,103689.101587,"O0Ib",673.8,-0.92
"HD 206636",12086,0.111299,"B0V",709.3,13.96
"HD 387831",5838,0.000576,"G4V",981.2,20.4
"HD 859110",16619,1.894259,"B6V",664.4,10.46
"HD 956245",3295,0.000149,"M8V",645.3,20.96
"HD 295571",4015,0.000147,"K0V",894.5,21.61
"HD 898606",11428,0.061102,"B9V",811.3,14.82
"TYC 7240-147-1",22423,124868.825958,"B2Ia",690.9,-1.14
"HD 412676",33888,201985.974439,"O6Ia",522.2,-2.4
"HIP 49895",3031,43.228446,"M0IV",72.1,2.38
"HD 116891",7199,0.006178,"F3V",978.5,17.69
"HD 758993",16331,1.485565,"B6V",728.4,11.12
"WD 7059+278",10227,0.000678,"DA4",482.3,18.59
"HD 121919",25660,332.440434,"B4III",939.8,5.83
"HD 524761",10391,0.080451,"B3V",79.4,9.49
"HIP 24529",4079,36.587655,"K6IV",826.2,8.07
"TYC 9193-736-1",23629,15255.035241,"B7Ib",855.1,1.4
"WD 7528+979",7007,0.000238,"F8V",387.7,19.21
"HD 902593",2852,0.000195,"M9V",794.2,20.91
"HD 445962",14091,0.328967,"B6V",397.1,11.47
"HIP 47661",4313,87.550964,"K1IV",838.7,6.95
"HD 641969",4186,0.000438,"K8V",472.4,19.01
"HD 839434",15077,0.144051,"B9V",535.1,13.19
"HD 627970",15943,0.384242,"B2V",800,12.79
"HD 859158",12484,0.221324,"B6V",934.5,13.81
"HD 541082",8424,0.005348,"DA5",893.5,17.76
"HD 135973",21027,15.540634,"B4IV",596.1,8.22
"HD 298310",27460,1975.479629,"B3III",709.1,3.53
"HD 193658",2540,0.000086,"M6V",998.8,22
"WD 1205+550",6448,0.001699,"F9V",380,16.99
"HD 262339",4138,0.000239,"K1V",257.3,18.28
"HD 614120",5187,0.00042,"K9V",258.2,17.76
"HD 977681",2920,0.000108,"M7V",615.8,21.15
"HD 560077",20127,12.264466,"B6IV",953.7,9.38
"HIP 1047",4416,90.673618,"K8IV",694.8,6.62
"HD 452096",6387,0.001566,"F5V",731,18.39
"HD 738652",30177,11622.890117,"O0Ib",932.6,1.94
"HIP 2005",4152,416.070686,"K3III",711.3,5.01
"HD 291564",2839,0.00024,"M0V",425.6,19.47
"HIP 61160",3876,472.888596,"K6III",981.8,5.33
"HD 853715",2678,0.000098,"M6V",892.3,22
"HD 227427",11436,0.026176,"B4V",870,15.85
"HD 339916",15255,0.164298,"B4V",782.8,13.72
"HD 681767",2965,0.000055,"M4V",706.3,22
"HD 182073",3134,0.000221,"M3V",779.9,20.88
"HD 315090",34041,287312.703755,"O5Ib",943.8,-1.32
"HD 947380",25413,307.838119,"B3III",463.5,4.36
"WD 1959+975",14861,0.000549,"DA3",485.3,18.79
"HD 613807",8219,0.00724,"DA6",540.1,16.47
"HD 912587",20176,7.381707,"B2V",684.5,9.17
"HD 658959",8522,0.002827,"DA5",616.7,17.4
"HD 383660",29503,18006.712082,"B3Ib",493.3,0.02
"HD 257116",23155,61.710749,"B4IV",111.8,3.07
"HD 863116",15184,0.263253,"B1V",305.6,11.19
"HD 639155",2821,0.000193,"M3V",854.9,21.19
"WD 9315+400",6091,0.001168,"F4V",972.9,19.55
"HIP 51351",3840,317.184094,"K7III",497.5,4.62
"HD 769548",20274,9.060554,"B7V",575.9,8.72
"HD 142773",14947,0.405476,"B9V",777.8,12.71
"HD 492962",15943,0.977494,"B3V",447.8,10.67
"HD 308700",5317,0.000388,"G2V",874.5,20.45
"WD 8072+585",16846,0.00041,"DA2",955.9,20.82
"HD 851048",18491,4.038603,"B9V",753.3,9.91
"HD 372960",11667,0.069561,"B5V",299.7,12.59
"HD 625591",20883,54.343441,"B6IV",639.5,7.02
"HD 205789",4230,0.000412,"K3V",532.5,19.41
"HD 858617",9913,0.016713,"A3V",375.6,14.63
"HD 928801",17334,5.744544,"B0V",562.3,9.15
"HD 710362",11375,0.058609,"B4V",822.7,14.88
"HD 843202",10283,0.024368,"B2V",639.4,15.37
"HIP 74905",3000,69.571853,"M4IV",719.8,7.02
"HD 530389",11243,0.03822,"B1V",602.5,14.67
"HD 404003",30443,7669.199125,"O8III",688.1,1.72
"HD 957882",11674,0.107242,"B8V",799.9,14.27
"WD 6451+277",24850,0.001752,"DA2",977.1,18.96
"HD 195863",29709,14164.339617,"B6Ia",704.7,1.23
"WD 5155+503",12094,0.000435,"DA4",819.7,20.16
"HD 256948",7140,0.002259,"F8V",661.7,18.01
"HD 625051",22262,33.764063,"B0IV",673,7.72
"HD 295037",23854,99.873703,"B0IV",721.1,6.48
"HIP 6163",3699,95.082134,"M6IV",661.3,6.19
"TYC 6480-704-1",18683,31008.017979,"B3Ib",844.4,0.52
"HD 407827",3035,0.000222,"M3V",951.2,21.34
"HD 991188",13871,0.38606,"B5V",640.6,12.28
"HD 111355",7081,0.000678,"F2V",791.9,19.55
"HD 429311",8250,0.006859,"DA6",742.6,17
"HD 717610",4454,0.000138,"K6V",666.8,21.23
"WD 2540+235",24347,0.003169,"DA2",638.2,17.41
"WD 7509+139",13370,0.001378,"DA3",783.1,18.81
"HD 976787",2648,0.000125,"M8V",742.7,21.41
"HD 539560",5288,0.001291,"G0V",589.5,18.4
"HIP 90246",5161,36.807783,"K3IV",875.4,7.87
"HD 490705",10804,0.012354,"B4V",694.9,16.19
"TYC 9880-752-1",10787,35965.314346,"B4Ib",500.1,-0.54
"HD 839746",16306,1.072565,"B8V",829.2,11.62
"HD 286784",6274,0.000732,"F8V",704.6,19.28
"HD 606231",25687,236.807374,"B7III",711.5,5.59
"HD 127179",12489,0.156493,"B3V",717.8,13.45
"HD 208863",5571,0.000233,"G9V",984.4,21.34
"HD 596676",2919,0.000203,"M5V",868.2,21.23
"HD 878287",20014,6.14196,"B2V",998.9,10.37
"HD 203265",5490,0.000319,"G9V",422.4,19.13
"HD 853565",28310,1131.527056,"B3III",165.5,0.55
"HD 311737",28732,8767.491801,"B2III",546.5,0.96
"HD 714927",10937,0.021349,"B0V",840.1,16.21
"HD 828665",29604,12961.476948,"B8Ia",657.5,1.17
"HIP 89219",3477,171.583199,"M3III",540.7,5.34
"HD 864305",9085,0.004885,"DA5",818.9,17.77
"HIP 48132",4853,90.443459,"K7IV",774.9,6.87
"HD 256014",15036,0.321219,"B8V",912.2,13.23
"HD 650149",30191,12459.892509,"O9Ib",116.6,-2.63
"HD 895894",5047,0.000395,"K0V",717,19.86
"HD 788555",10412,0.019674,"B8V",793.1,16.19
"HD 819700",24148,527.683021,"B7III",944.4,5.27
"HIP 62368",3386,32.220612,"M5IV",719.1,7.84
"WD 5767+471",11602,0.000205,"DA4",282.4,18.85
"HD 245513",31703,74238.263323,"O6Ia",855.7,-0.28
"HD 699317",3896,0.000519,"K0V",68.4,14.65
"HIP 48362",4968,109.192226,"K1III",719.2,6.51
"HD 660264",2516,0.000044,"M5V",893.1,22
"HD 572909",9234,0.005047,"DA5",861.8,17.76
"HD 482643",19472,4.732809,"B2V",823.8,10.14
"HD 803158",32287,48789.931627,"O8Ia",978.4,0.5
"HIP 6173",3892,55.303424,"K2IV",835.1,7.48
"WD 6161+991",15959,0.000566,"DA3",836.2,20.13
"HIP 79324",4659,254.814176,"K5III",505.9,4.8
"HD 995138",15333,0.278822,"B4V",670.4,12.61
"HD 676797",12926,0.05609,"B8V",534.3,13.99
"HIP 73032",4428,238.442209,"K6III",922.9,6.07
"HIP 77660",3472,529.253131,"M2III",615.7,4.26
"HD 738764",3111,0.000087,"M3V",991.4,22
"HD 485823",8614,0.002044,"DA5",964.4,18.72
"HD 563194",4470,0.000309,"K9V",567.4,19.85
"TYC 3326-511-1",15764,88374.886432,"B0Ia",888,-0.28
"HD 570453",2839,0.000246,"M3V",956.9,21.15
"HD 885703",25984,623.417155,"B4III",825.7,4.7
"HD 502356",16583,0.650918,"B8V",544.1,11.45
"HD 652982",14854,0.534897,"B2V",568.5,11.79
"WD 5979+830",21954,0.00038,"DA2",529.3,19.57
"WD 9987+181",24713,0.001339,"DA2",864.1,19.22
"HIP 76564",4201,384.457997,"K7III",889.4,5.59
"HD 100217",32696,101833.636608,"O2Ia",895.6,-0.45
"HD 300481",14153,0.376282,"B8V",915,13.1
"HD 694634",13251,0.102846,"B6V",787.6,14.25
"HD 504845",25997,340.951999,"B9III",640,4.81
"HIP 63651",3754,122.045862,"K1III",953.1,6.81
"HD 260884",10629,0.052245,"B7V",241.6,12.44
"HD 754677",7528,0.006092,"A2V",905.5,17.56
"HD 177050",5486,0.000695,"G1V",891.5,19.92
"HD 195453",20454,28.238584,"B8IV",804.1,8.18
"HD 520054",22413,158.023177,"B1III",679.5,6
"HD 830832",4687,0.000157,"K0V",393.9,19.91
"HD 740910",7067,0.000946,"F3V",934.7,19.74
"HD 886225",3103,0.0004,"M0V",485.8,19.29
"HD 926275",28884,8854.792792,"B8III",668,1.45
"HD 768552",2522,0.000232,"M7V",188,17.61
"HD 500872",14667,0.279224,"B2V",995.7,13.64
"HD 768468",4956,0.000677,"K4V",502.7,18.83
"WD 3660+716",7781,0.00242,"A7V",878.8,18.45
"WD 6319+636",22938,0.002737,"DA2",944.3,18.49
"HD 878018",12322,0.030914,"B6V",492,14.51
"HD 629770",32916,40280.897159,"O8Ia",302.3,-1.84
"HIP 45531",3537,316.436475,"M7III",649.8,5.13
"HD 385886",7179,0.00366,"F6V",974.2,18.19
"WD 6712+165",21805,0.002553,"DA2",993.2,18.65
"HD 130376",15555,0.611073,"B3V",569,11.49
"HD 520112",4297,0.000386,"K3V",662.6,19.9
"HD 129748",6685,0.001342,"F6V",577,18.28
"WD 8603+508",15509,0.000242,"DA3",517.4,19.76
"HIP 114942",3459,526.431145,"M9III",535.9,4
"HIP 67374",4247,173.429669,"K3III",163.7,2.72
"HD 547640",33501,80216.184031,"O8Ib",961.2,-0.1
"WD 3587+358",6423,0.000778,"F5V",927.9,19.82
"HD 661677",27297,821.603379,"B2III",930.8,4.82
"HD 506945",4889,0.000435,"K5V",990.3,20.56
"HD 539312",6024,0.001585,"F4V",988.8,19.05
"HIP 3073",4458,670.320178,"K6III",517,3.77
"WD 2405+372",22659,0.000386,"DA2",480.2,19.35
"HIP 22515",3951,129.527472,"K0III",905.3,6.94
"HD 623229",18314,8.730818,"B5V",608,8.81
"HD 296938",24988,324.660976,"B0III",941.9,5.8
"HD 458768",2661,0.000123,"M6V",970,21.94
"HD 955667",20948,36.801641,"B5IV",520,7
"HD 698450",5047,0.000326,"K8V",693.9,20.06
"HD 975225",19127,3.989103,"B7V",698.6,9.98
"HD 556984",13321,0.1045,"B1V",504.4,13.19
"HD 190664",4063,0.000391,"K5V",679.5,19.99
"HD 746023",17453,2.659514,"B4V",920,10.98
"HIP 4398",3847,165.417535,"K3III",696.7,5.99
"WD 3102+532",17125,0.000737,"DA2",126.2,15.62
"HD 860403",12674,0.061771,"B3V",994.6,15.29
"WD 2333+277",22825,0.00186,"DA2",860.4,18.61
"HD 173542",4785,0.000223,"K6V",425.9,19.58
"HIP 78411",4232,135.217906,"K3III",613.1,5.81
"HIP 106869",4201,221.466574,"K7III",879.6,6.18
"TYC 2951-213-1",18010,60995.649242,"B6Ib",671.4,-0.75
"HIP 21163",4899,283.665978,"K9III",555.9,4.75
"HD 268773",22126,18.368056,"B4IV",631.5,8.09
"HD 764128",12278,0.041995,"B4V",976.7,15.68
"HD 602790",23722,214.91964,"B6III",600.4,5.39
"HD 387608",34615,702472.288906,"O2Ib",902.7,-2.51
"TYC 1768-249-1",21780,8412.700397,"B7III",879.8,2.36
"HD 824140",12942,0.069496,"B0V",563.1,13.97
"HIP 46628",4026,88.613395,"K5IV",879.9,7.01
"HD 405426",4513,0.00061,"K3V",840.1,20
"HD 862828",2567,0.000046,"M4V",861.4,22
"HD 945270",5181,0.000394,"K7V",308.9,18.36
"HD 551752",3537,0.000109,"M8V",255.6,19.15
"WD 4145+589",12145,0.00175,"DA4",582.7,18.03
"HD 385720",8390,0.002994,"DA6",797.2,18.02
"HD 113926",3059,0.000093,"M1V",485.1,20.7
"HD 980066",24183,60.017575,"B0IV",816.7,7.4
"HD 855134",4292,0.000322,"K6V",956.1,20.94
"WD 7573+516",8542,0.000128,"DA5",403.9,20.02
"WD 7618+640",17723,0.000266,"DA2",983.6,21.08
"HD 799622",14877,0.59945,"B6V",142.3,8.67
"HD 693611",10132,0.019643,"B7V",492.6,15.02
"HD 247652",5702,0.000624,"G3V",887.4,20.05
"HIP 6151",3498,291.786311,"M1III",227.2,2.94
"HD 859776",18807,6.658696,"B5V",779.5,9.61
"HD 644139",13522,0.27841,"B1V",728.1,13.21
"HD 669476",2773,0.000114,"M8V",104.4,17.34
"HD 745119",4123,0.00033,"K3V",874.3,20.51
"HD 848842",32348,55147.189449,"O8Ib",692.2,-0.53
"HD 788966",5634,0.000404,"G0V",625.2,19.87
"WD 2819+796",14834,0.001076,"DA3",870.9,19.23
"HD 893911",28680,3478.312541,"B6III",817.4,3.13
"HD 884473",4891,0.000462,"K6V",529.5,19.13
"HD 915240",10962,0.052499,"B4V",389,13.41
"HIP 4905",3875,341.571559,"K4III",636.3,4.96
"HD 212154",16612,3.472035,"B1V",437.9,9.21
"HD 841248",30552,10603.699936,"O0Ia",723.7,1.54
"HD 753827",32201,40337.619595,"O3Ia",895.2,0.57
"WD 8702+544",22085,0.00019,"DA2",274.1,18.63
"HD 690133",4544,0.000458,"K4V",466.1,18.87
"HD 403126",12864,0.082474,"B5V",512.1,13.66
"TYC 1229-784-1",21819,46805.414952,"B9Ib",681.8,-0.39
"HD 368718",22437,31.307822,"B0IV",618.7,7.43
"HD 370325",15485,0.658579,"B2V",589.2,11.57
"HD 116279",16534,1.197053,"B8V",876.3,11.83
"HD 764391",31682,16678.747227,"O9Ia",74.7,-3
"HD 341175",3108,0.000182,"M5V",919.8,21.4
"HD 515641",33429,106281.347478,"O2Ia",425.7,-2.22
"HD 250989",3823,0.000268,"K8V",565.3,19.93
"TYC 2793-640-1",20971,48474.418614,"B2Ia",567,-0.62
"HD 250624",2532,0.000528,"M7V",674.2,19.61
"HD 761201",3372,0.000098,"M8V",371.3,20.02
"HD 192757",10454,0.021957,"B4V",866.9,16.2
"HD 248686",34270,130381.98805,"O8Ib",625.3,-1.5
"HD 118029",30597,6010.677287,"O2III",444.7,1.21
"HD 177927",29694,4446.445273,"B0III",721,2.19
"HD 531668",17956,2.610413,"B1V",732.1,10.52
"HD 365074",7354,0.001954,"F4V",469.1,17.12
"WD 2522+687",6340,0.000162,"F7V",796.8,21.25
"HIP 51683",5352,125.289365,"G3III",611.1,5.95
"HD 421039",30150,7631.495206,"O0III",273,-0.14
"HD 716451",23036,99.793276,"B6IV",850.6,6.89
"HIP 102648",4513,446.375055,"K2III",534.5,4.21
"HD 710768",19322,6.273146,"B9V",515.2,8.7
"HD 168952",10430,0.018359,"B2V",328.9,14.19
"HD 156925",6369,0.000786,"F8V",857.3,19.72
"HD 431230",2739,0.000225,"M4V",442.6,19.44
"HD 243922",25481,508.809306,"B3III",635.2,4.57
"HD 976708",33314,57430.636251,"O6Ib",483,-1.43
"HD 875326",15337,0.426893,"B7V",966.2,13.01
"HD 420398",21325,27.611027,"B9IV",530.5,7.09
"HD 719093",4028,0.000265,"K9V",906.2,20.95
"HD 549991",30655,37516.365809,"O4Ia",882.9,0.44
"HD 633100",3556,0.000376,"M1V",898.6,20.56
"HIP 83131",3977,37.101828,"K0IV",820.1,7.74
"HD 117485",16761,1.85388,"B0V",521.5,10.2
"WD 3627+439",7361,0.001221,"F9V",896.1,19.37
"TYC 5854-841-1",12286,44018.147645,"B3Ib",193.4,-2.95
"HD 781750",6822,0.00373,"F0V",707.8,17.42
"HD 197417",6282,0.00158,"F5V",964.8,19
"HD 888375",10388,0.042351,"B9V",305.9,13.18
"HD 655157",28767,7799.106617,"B1III",557.2,1.19
"HD 136264",15302,1.848474,"B0V",659.1,10.71
"HD 611468",9322,0.026885,"A3V",360.7,14.08
"HD 665880",13532,0.316056,"B8V",902.8,13.48
"HD 717693",14330,0.305657,"B5V",406.8,11.6
"HD 594480",2642,0.000047,"M7V",837,22
"WD 3038+687",22828,0.000402,"DA2",968.1,20.78
"HD 942655",33380,149033.640229,"O3Ib",379.7,-2.69
"HD 412225",8708,0.003114,"DA5",980.3,18.64
"HD 248342",5826,0.001228,"G1V",940.7,19.58
"HD 883763",4796,0.000236,"K8V",950.3,21.18
"HD 247193",34376,246224.087176,"O6Ib",603.8,-2.27
"HD 909973",28704,1956.536537,"B8III",969.2,3.88
"HD 675897",3883,0.00043,"K1V",275.7,17.82
"HD 219118",31198,63397.626677,"O0Ib",802.3,-0.24
"HD 842711",5828,0.001408,"G1V",599.4,18.19
"HD 770135",20585,15.871656,"B2IV",800.8,8.84
"HD 584121",22212,72.498269,"B7IV",553.8,6.24
"HD 782287",4652,0.000503,"K9V",990.4,20.54
"HD 324975",33751,108052.943444,"O8Ib",943.7,-0.22
"HD 529725",5419,0.001287,"G6V",622.6,18.44
"HD 717967",2990,0.000089,"M1V",869.7,22
"HD 339790",21315,55.409873,"B3IV",521.8,6.69
"WD 7086+788",18619,0.000284,"DA2",605.8,19.96
"HD 808803",8415,0.003662,"DA5",957.7,18.28
"HD 228870",12897,0.077994,"B1V",562.8,13.75
"HD 298783",28601,3756.848139,"B1III",846,2.89
"HD 402181",18457,3.198416,"B3V",611.8,9.95
"HD 852310",34229,78805.457611,"O8Ia",843.6,-0.51
"HD 370372",18540,2.76005,"B8V",231.7,7.91
"HIP 98347",3118,169.796153,"M9III",759.8,6.11
"HD 884955",16479,1.586707,"B0V",523.7,10.25
"HD 647678",13797,0.154609,"B9V",996.8,14.23
"HD 994191",3839,0.000283,"K9V",928.1,20.92
"HD 389925",9513,0.024105,"A1V",959.6,16.12
"HD 579390",5278,0.000489,"G8V",573.3,19.57
"HD 430292",14649,0.255784,"B8V",816.1,13.42
"HD 842673",30965,12401.094157,"O8Ia",703.3,1.49
"HIP 94577",4174,125.346001,"K8III",668.1,5.9
"HD 798175",5886,0.001664,"G5V",867.1,18.9
"HIP 100074",4780,180.870901,"K8III",191.4,3.14
"HD 777346",2513,0.000238,"M9V",952.3,21.19
"WD 1092+853",11054,0.000262,"DA4",334.5,19.01
"WD 1669+617",10947,0.001101,"DA4",943.1,19.29
"HD 143047",24434,406.471553,"B8III",874.6,5.51
"HD 479095",6269,0.000628,"F5V",994.6,20.21
"HD 722659",8485,0.003221,"DA5",198.4,15.03
"HD 296930",2672,0.000182,"M7V",998.7,21.6
"HD 734368",14290,0.305064,"B6V",824.5,13.07
"HD 989686",2507,0.000116,"M3V",400,19.99
"HD 714693",13600,0.144625,"B4V",732,13.76
"HD 125671",6786,0.002165,"F8V",682.6,18.08
"WD 2892+820",11600,0.000601,"DA4",127.3,15.84
"HD 795903",13419,0.127373,"B7V",732,13.83
"HD 525894",3729,0.000276,"K3V",995.5,21.33
"HD 182587",7081,0.004271,"F8V",908.7,17.76
"HD 735572",26707,1427.258323,"B5III",566.4,3.01
"HIP 79399",4631,486.395967,"K7III",684.1,5.04
"HD 240540",13925,0.239577,"B9V",854.9,13.43
"HD 503910",5081,0.000737,"K6V",541.2,18.73
"WD 2983+442",22082,0.000115,"DA2",519.4,20.77
"HD 414223",10049,0.007375,"DA5",843.5,17.33
"WD 1929+814",15365,0.004191,"DA3",932.8,18.02
"HD 656890",34139,172150.238099,"O3Ib",443.6,-2.44
"TYC 2629-908-1",4018,85960.252129,"K4Ib",509.5,-1.54
"HD 144820",18724,10.497195,"B2IV",714.1,9.09
"HD 523585",2979,0.000132,"M2V",633.5,21
"HD 268678",28292,4165.795222,"B9III",835.8,2.92
"HD 489017",26778,976.650147,"B5III",943.5,4.62
"HD 282391",28985,10853.741125,"B6Ib",421.1,0.21
"HD 914004",2788,0.000111,"M5V",554.2,20.9
"HD 393849",30253,10873.185806,"O8Ia",420.9,0.26
"HD 734586",25689,390.147018,"B9III",677.3,5.01
"HD 809167",7703,0.001318,"A9V",870.8,19.26
"HD 978839",3375,0.000055,"M1V",965.5,22
"HD 722577",29667,8829.985353,"B6III",877.9,1.95
"HD 571408",12220,0.104944,"B9V",701.7,14
"WD 3948+156",15740,0.000421,"DA3",851.2,20.37
"HD 708564",6290,0.002903,"F3V",973.8,18.42
"HD 873867",5631,0.00063,"G4V",575.3,19.07
"HD 486630",18092,5.945785,"B5V",263.9,7.5
"HD 563048",9400,0.017524,"A2V",926.5,16.53
"HD 384027",6645,0.000923,"F1V",844.1,19.44
"WD 4948+977",15610,0.000705,"DA3",299.6,17.32
"HD 344775",23357,60.957348,"B0IV",800.1,7.23
"HD 815955",6174,0.001401,"F0V",615.2,18.5
"HD 682246",21226,17.153909,"B9IV",783.8,8.72
"HD 380697",4337,0.000105,"K1V",623.9,21.28
"HD 845414",15024,0.727502,"B4V",530.2,11.42
"HIP 75601",4449,55.49556,"K7IV",916.9,7.92
"WD 9947+197",9340,0.001561,"DA5",625.4,18.23
"TYC 7568-124-1",7169,111630.946452,"F1Ia",617.4,-1.43
"HD 873398",9284,0.005259,"DA5",368.5,15.92
"HD 997037",3444,0.000206,"M0V",737.9,20.73
"HD 826622",10795,0.030154,"B1V",906.2,15.82
"HD 690532",28202,1084.011334,"B0III",849.8,4.18
"HD 583219",10104,0.017388,"B8V",258.5,13.77
"HD 276411",31170,10241.702191,"O4Ia",565.3,0.96
"HD 868675",5358,0.000863,"G3V",973.1,19.74
"HD 339580",7844,0.004975,"A4V",105.6,13.22
"WD 8044+325",12579,0.001103,"DA4",804,19.36
"HIP 55986",3719,69.758898,"K9IV",702.4,6.9
"HD 639681",11928,0.047018,"B1V",811.8,15.2
"HD 680732",12496,0.088127,"B4V",956.2,14.86
"HD 537654",3460,0.000275,"M0V",774.9,20.61
"HD 664434",24879,208.480273,"B8III",886.7,6.2
"HD 289653",6341,0.000965,"F6V",815.1,19.19
"HD 225853",8885,0.007699,"DA5",376.8,15.49
"HD 963039",9490,0.008072,"DA5",410.3,15.41
"HD 568738",9566,0.031871,"A6V",840.1,15.73
"HD 395303",9137,0.020004,"A9V",733.6,15.87
"HD 643937",18023,1.756234,"B6V",367.7,9.48
"HD 857232",29482,3512.70196,"B7III",548.5,2.08
"HD 368516",33521,101745.862331,"O3Ia",990.4,-0.21
"HD 498354",31863,30511.870441,"O9Ib",277.3,-1.77
"HD 416708",24476,320.707512,"B5III",585.5,4.66
"HD 771753",33262,170242.577423,"O9Ib",697.2,-1.5
"HD 811482",8207,0.003383,"DA6",529.6,17.3
"HD 482935",6663,0.002676,"F9V",684.4,17.97
"HD 532089",25428,472.986076,"B0III",826.5,5.21
"HIP 5673",3793,191.959641,"K2III",807.6,5.91
"HD 547506",10955,0.068459,"B8V",438.9,13.18
"HD 463857",3477,0.000103,"M5V",957.2,22
"HD 410368",13736,0.242058,"B6V",939,13.76
"HD 941843",17708,2.373496,"B1V",516,9.96
"HD 426544",8809,0.009465,"DA5",896.3,17.07
"HD 682296",29874,14834.121105,"B9Ib",650.7,1.01
"WD 5531+191",23018,0.00059,"DA2",658.2,19.36
"HD 395338",9522,0.038825,"A4V",86.3,10.32
"HD 486700",22145,78.034868,"B3IV",914.8,7.12
"HD 689206",14451,0.177128,"B0V",788.4,13.42
"HD 134764",5933,0.000669,"G6V",873.7,20.13
"HD 850536",5442,0.00052,"G6V",615.6,19.45
"HD 511730",13211,0.148641,"B3V",716,13.58
"HD 493185",8463,0.007984,"DA5",575.6,16.31
"WD 8956+897",14252,0.000478,"DA3",953.5,20.49
"HD 900541",19957,26.301261,"B5IV",897.3,8.49
"HD 244610",19288,7.966053,"B3V",344.6,7.68
"HD 488359",7854,0.001829,"A2V",839.4,18.72
"TYC 7697-933-1",15688,47088.86755,"B2Ia",492.7,-0.86
"HD 740974",5083,0.000238,"K7V",598,20.09
"HD 326318",10661,0.033249,"B1V",362.2,13.77
"HD 797544",20550,9.368475,"B5V",433.3,8
"HIP 20773",3748,284.915667,"K9III",757.1,5.47
"HIP 38190",4553,103.725743,"K4III",877,6.81
"HD 441150",30069,27422.930558,"O0Ib",404.3,-0.77
"HD 788563",21328,49.61241,"B4IV",856,7.78
"HD 423081",18091,1.864007,"B6V",954,11.53
"HIP 89918",3184,1117.606176,"M2III",558.5,3.41
"HD 666944",3209,0.000082,"M0V",191.4,18.69
"HD 777846",23264,68.817337,"B9IV",836.1,7.3
"HD 980871",6388,0.001262,"F0V",639.9,18.56
"HD 873888",2898,0.000686,"M7V",815.1,19.82
"HD 507778",26731,1118.977228,"B5III",318.2,2.04
"HD 711190",28317,5460.511852,"B8III",785.1,2.53
"WD 6239+497",12738,0.000805,"DA3",408.6,18.08
"HD 797069",30221,4963.775763,"O0III",812.2,2.67
"HIP 41420",4084,223.281915,"K9III",656.5,5.67
"HD 779673",7073,0.002806,"F1V",883.9,18.27
"HD 921467",3185,0.000294,"M7V",289.2,18.35
"HD 161840",5402,0.001272,"G8V",571.6,18.16
"HD 847114",11583,0.022646,"B5V",470.5,14.51
"HD 141045",3555,0.000117,"M2V",415.4,20.13
"HD 849031",9992,0.07185,"A6V",542,13.88
"HD 411833",31186,8679.132307,"O3III",704,1.74
"HD 702170",5582,0.002066,"G7V",930.9,18.83
"HD 645582",6393,0.004191,"F0V",477.7,16.56
"HIP 86809",3741,74.305605,"K1IV",356.2,5.49
"HD 475440",13946,0.24106,"B0V",576.6,12.47
"HD 321483",4864,0.000518,"K0V",647.8,19.76
"HD 157711",24228,182.585681,"B1III",204.9,2.97
"HD 234483",19249,11.4315,"B7IV",923.6,9.59
"HD 901180",23211,250.551808,"B8III",833.1,5.64
"WD 8772+797",10988,0.000925,"DA4",538,18.6
"HD 275454",2500,0.000069,"M3V",566.3,21.31
"HD 815330",15116,0.266606,"B6V",518.1,12.33
"HD 692170",12132,0.053628,"B1V",634.3,14.44
"HD 307902",27090,929.635735,"B5III",669.7,3.96
"HD 988967",22921,392.694692,"B4III",763.4,5.2
"HD 420967",34823,269401.722112,"O3Ia",968.2,-1.44
"HD 204807",2694,0.000051,"M7V",900,22
"HD 165319",5997,0.001704,"G3V",708.4,18.22
"HD 432351",22998,36.716433,"B6IV",716.5,7.65
"HD 990687",15180,0.49762,"B3V",789.4,12.6
"HD 394884",31299,38614.506977,"O7Ib",514.7,-0.64
"HIP 107080",3631,189.614201,"M7III",155.2,2.52
"HD 412614",2834,0.000072,"M1V",788.8,22
"HD 611782",29689,8244.184231,"B3III",927,2.27
"HD 715831",2500,0.000065,"M4V",445.6,21.05
"HD 704702",29833,14085.444096,"B4Ia",739.4,1.16
"HD 914591",18267,2.647856,"B8V",825.7,10.83
"HD 443070",3780,0.000193,"K5V",842.5,21.2
"HD 530256",2603,0.000064,"M1V",790.3,22
"WD 4318+823",15238,0.00065,"DA3",800.6,19.72
"HD 795284",2558,0.000109,"M3V",792.2,21.6
"HD 544143",14738,0.485777,"B9V",470.7,11.27
"HD 748978",24369,162.184024,"B5III",831.1,6.36
"HD 888973",26104,1295.274404,"B2III",785.5,3.93
"HD 136992",32297,18350.722254,"O4Ia",915.4,1.38
"TYC 9057-228-1",13452,33981.146677,"B1Ia",579.1,-0.26
"HIP 117164",4766,376.201135,"K1III",831.6,5.42
"HD 483366",13159,0.042807,"B6V",644.7,14.78
"HIP 62185",4076,258.737027,"K7III",399.9,4.29
"HIP 8662",4975,81.774703,"K1IV",385.5,5.33
"HD 123442",5169,0.000565,"K6V",713.7,19.65
"HD 638270",19963,5.417937,"B3V",385.2,8.36
"HD 930835",4451,0.000463,"K2V",575.8,19.43
"HD 512156",2922,0.000461,"M2V",624.8,19.59
"HD 156153",31602,29831.642356,"O3Ia",922.5,0.9
"WD 1697+674",16322,0.000294,"DA3",924.1,20.94
"HD 139974",7098,0.004046,"F6V",743.6,17.8
"HD 686135",22069,82.844049,"B5IV",724,6.75
"HD 508836",29092,5509.328484,"B0III",931.3,2.74
"HD 140144",3078,0.000212,"M1V",63.3,15.26
"HD 385239",27497,1586.715282,"B7III",857.1,3.86
"HD 105515",32249,56923.857477,"O1Ia",899.2,0
"HD 537459",2830,0.000102,"M9V",889,22
"HD 613745",6833,0.001949,"F0V",803.7,18.66
"HD 997933",12702,0.028816,"B7V",619.5,15.1
"HD 808488",2725,0.000373,"M8V",522,19.4
"HD 642895",3205,0.000155,"M6V",882.8,21.35
"HD 618474",8606,0.002966,"DA5",356.9,16.3
"HD 119313",27411,1562.938639,"B2III",597,3.29
"HD 431197",31919,13303.856154,"O4Ia",309.7,-0.43
"HD 948530",17179,1.052181,"B6V",586.9,10.92
"HD 736327",28735,20246.066187,"B5Ib",918.5,1.22
"HD 379993",17232,2.803931,"B4V",945.1,11.21
"WD 9065+673",17454,0.000517,"DA2",652.9,19.49
"HD 809978",26901,2476.591956,"B5III",631.7,2.76
"WD 9586+679",14406,0.00085,"DA3",859.4,19.66
"HIP 19095",4760,30.947376,"K4IV",424.6,6.63
"HIP 26615",4806,247.209542,"K7III",608.3,5.14
"HIP 75965",4351,365.415266,"K6III",639.2,4.83
"HD 870120",20437,27.090326,"B7IV",919.9,8.45
"HD 442986",3085,0.000356,"M6V",58.8,14.59
"HD 755474",10613,0.017053,"B8V",464.5,15.14
"HIP 16018",4375,42.862017,"K1IV",797.2,7.63
"HD 208810",33085,150238.023506,"O8Ib",955.9,-0.98
"HD 227865",12292,0.109188,"B4V",899.7,14.43
"HD 361190",3821,0.000118,"K0V",595,20.86
"WD 5246+701",23112,0.000219,"DA2",871.4,21.19
"HD 410045",3601,0.000453,"M5V",717.3,19.86
"HD 591042",20885,34.505765,"B0IV",534.3,7.15
"HD 204209",10357,0.012448,"B2V",771.4,16.5
"HD 491751",32740,75344.49475,"O7Ib",542.6,-1.37
"WD 9733+329",18139,0.000578,"DA2",834.9,20.01
"HD 737658",11640,0.040891,"B8V",580.1,14.43
"HD 795334",24459,157.977118,"B4III",943.4,6.76
"HD 962401",12432,0.161757,"B5V",238,11.21
"HD 923299",3780,0.000265,"K1V",940.7,21.2
"WD 5024+848",12697,0.000485,"DA3",835.9,20.27
"HD 702311",26731,720.600508,"B4III",262.7,2.06
"HD 260426",29975,7348.428264,"B8III",931.1,2.61
"HIP 70214",3561,155.557835,"M7III",475.2,5.17
"HD 574720",26007,1063.781976,"B5III",884.3,4.59
"HD 602215",4591,0.000346,"K0V",892.8,20.73
"HIP 23492",3106,594.862115,"M0III",813.4,4.94
"HIP 20940",3390,97.540626,"M2IV",301.8,4.75
"HD 157433",10021,0.028535,"B5V",700.8,15.39
"HIP 69037",4474,404.70379,"K4III",763.7,5.34
"HD 103949",19288,4.846911,"B5V",697.3,9.81
"HD 642906",9658,0.054972,"A7V",916.7,15.42
"WD 1485+810",10617,0.000462,"DA4",957.6,20.59
"HD 615786",23935,254.177905,"B5III",239.9,3.11
"HD 301702",9473,0.012697,"A5V",725.4,16.25
"WD 2648+616",7858,0.000949,"A7V",672.6,18.9
"HIP 32918",4458,466.809509,"K4III",466.5,3.99
"HD 793617",5710,0.000653,"G5V",896.3,19.95
"HD 585643",2551,0.000133,"M7V",747.3,21.1
"HD 436750",20024,16.284794,"B1IV",837.5,8.76
"HD 348886",22550,273.024692,"B4III",870.2,5.93
"HD 458601",19720,10.874204,"B6IV",364.9,7.18
"HD 631104",10190,0.044031,"B9V",757,15.04
"HD 866325",9772,0.027249,"A8V",792.6,15.7
"HD 961419",3589,0.001023,"M2V",754.7,18.92
"HD 666311",3198,0.000287,"M5V",327.2,18.75
"HD 999954",24708,746.45585,"B6III",833.2,4.79
"HD 696394",4790,0.000325,"K0V",699.7,20.16
"TYC 9965-667-1",20993,150406.857146,"B9Ib",432.1,-2.57
"WD 6628+691",21177,0.002543,"DA2",997,18.67
"HIP 85282",4430,296.952108,"K9III",253,3.01
"HD 167656",20367,26.477199,"B3IV",664.6,7.97
"HIP 62401",3767,93.368369,"K4IV",881.3,7.03
"HD 208628",9322,0.024484,"A8V",936.2,16.35
"HD 822629",6736,0.003002,"F1V",515.6,16.9
"HD 653910",5330,0.000354,"G9V",480.9,19.18
"HD 521309",6231,0.001966,"F0V",111.7,14.29
"HIP 64028",3005,92.471363,"M4IV",623,6.26
"HIP 107828",4487,179.391403,"K5III",441,4.84
"HD 980846",7164,0.00255,"F9V",906.9,18.58
"HD 808965",17675,2.311358,"B1V",802.3,10.9
"HD 637625",32839,55624.746208,"O4Ib",638.1,-0.44
"HD 711684",15873,2.026888,"B2V",556.8,10.44
"HD 747159",2511,0.000093,"M5V",775,21.82
"TYC 7748-891-1",21472,58621.107276,"B1Ib",192.2,-3
"HD 787392",24894,423.15949,"B4III",604.9,4.69
"HD 849597",7265,0.002759,"F7V",934.7,18.56
"HD 420212",7130,0.001497,"F5V",693,18.6
"HD 322997",2819,0.000331,"M3V",453,19.28
"HD 966065",30506,15950.666181,"O9Ib",772.2,1.13
"HIP 42389",3808,685.091577,"K0III",472.9,3.69
"HD 943296",2557,0.000161,"M5V",853.5,21.41
"HD 107823",21729,50.776111,"B9IV",707.3,7.31
"WD 3058+987",24831,0.00051,"DA2",393.8,18.42
"HD 308946",29749,8023.345191,"B3III",953.8,2.43
"HD 189989",6908,0.001217,"F1V",638.3,18.61
"HD 761118",5235,0.000242,"G6V",250.5,18.43
"HIP 61739",4748,159.158792,"K5III",826.7,6.43
"HD 810085",10267,0.010538,"B7V",381.5,15.04
"HD 474840",2757,0.000141,"M5V",306.9,19.22
"HD 303091",15408,0.478187,"B8V",643.4,12.23
"HIP 69584",4290,422.148084,"K7III",338.2,3.47
"HD 378682",9622,0.00926,"DA5",212.1,14.14
"HD 458894",10280,0.027809,"B0V",558,14.8
"HD 752475",30031,10543.367949,"O7Ia",858.5,1.9
"HD 359873",19839,5.27261,"B9V",201.2,6.83
"HIP 63702",3323,160.856239,"M7III",271.8,3.97
"HD 168719",15350,0.577753,"B3V",582.5,11.6
"HD 451688",25686,350.772447,"B3III",953.8,5.86
"HD 968220",23529,187.539887,"B6III",979.3,6.55
"WD 3067+649",7629,0.000382,"A2V",902.6,20.58
"WD 2890+149",12988,0.001214,"DA3",366.2,17.41
"HIP 94248",3577,181.731401,"M5III",985.3,6.5
"HD 207175",7439,0.002858,"F6V",198,15.21
"HD 913051",20607,21.230714,"B7IV",613,7.83
"HD 920883",12182,0.057712,"B4V",897.7,14.96
"HD 331815",8772,0.005474,"DA5",706.9,17.13
"HD 493779",14824,0.347714,"B7V",854.6,12.96
"HD 380750",22909,291.242395,"B0III",910.1,6.07
"HD 137769",24870,395.061063,"B7III",843.9,5.33
"HIP 58654",3521,62.277486,"M3IV",433.7,5.91
"HD 808046",28801,7567.183625,"B4III",876.8,2.21
"HD 848374",2958,0.000171,"M8V",636.3,20.78
"HD 801733",2645,0.000153,"M4V",985.5,21.83
"HD 368627",3085,0.000128,"M3V",914.2,21.7
"HIP 52122",3975,772.706077,"K2III",533.6,3.74
"HD 848258",2795,0.000164,"M8V",907,21.68
"WD 1776+232",16446,0.003076,"DA3",510,17.11
"HD 557936",28609,4986.764023,"B9III",587,1.9
"HD 125354",27416,2678.401196,"B4III",613.1,2.44
"HD 373409",32410,67843.450207,"O2Ib",588.7,-0.91
"HD 957440",10983,0.036599,"B8V",929.1,15.64
"WD 5684+330",10368,0.000475,"DA4",860.4,20.26
"HD 595480",5115,0.000241,"K7V",728.4,20.52
"WD 4126+412",8321,0.000202,"DA6",665.4,20.75
"HD 959720",8170,0.006792,"DA6",603.2,16.55
"HD 396987",20434,29.273132,"B0IV",257.6,5.73
"HD 583833",12694,0.080767,"B4V",696.8,14.21
"HD 550395",3881,0.000399,"K1V",683.6,20.09
"HD 875272",19337,7.752075,"B5V",910.9,10.01
"HD 296261",3336,0.000277,"M4V",496.4,19.59
"HIP 119954",4343,225.8812,"K7III",683.8,5.37
"HD 585788",4273,0.000398,"K5V",654.3,19.77
"HD 146115",4042,0.00037,"K7V",397.8,18.9
"HIP 32821",3766,101.454974,"K7III",291.9,4.58
"HD 515871",2621,0.000075,"M4V",151.5,18.58
"HD 669898",17979,2.899487,"B9V",531.3,9.69
"HIP 73065",4868,44.973414,"K2IV",911.4,8.03
"HD 958786",4230,0.000181,"K6V",887.4,21.25
"HIP 93372",3485,235.548555,"M5III",653.2,5.39
"WD 9364+471",19839,0.001069,"DA2",389.3,17.61
"WD 2920+604",11080,0.001374,"DA4",159.5,15.43
"HD 842009",2521,0.000042,"M1V",664.9,22
"HD 548868",17208,1.487021,"B6V",950.8,11.66
"HD 817781",3731,0.000449,"K8V",764.4,20.12
"HD 432926",4022,0.000305,"K3V",868.7,20.8
"HD 518050",8515,0.009612,"DA5",622.6,16.28
"HD 796765",3035,0.00013,"M3V",313.2,19.33
"HD 581083",27768,2662.894364,"B7III",581.1,2.31
"HD 286958",21418,104.808379,"B1III",360,5.04
"HD 482347",2818,0.000077,"M7V",433.7,20.63
"HD 729345",15883,0.903573,"B1V",664.8,11.39
"WD 7841+178",17831,0.000222,"DA2",358.8,19.09
"HIP 2438",3356,200.993703,"M4III",645.2,5.36
"HD 392447",2516,0.000049,"M5V",432,21.15
"HD 418335",25059,421.779393,"B2III",926.3,5.41
"HD 756241",20557,11.17798,"B6IV",713,8.81
"HD 147763",3654,0.000114,"M4V",826.6,21.77
"HD 615688",25789,833.135708,"B7III",543,3.49
"HD 779494",8288,0.006452,"DA6",853.7,17.43
"HD 872092",14182,0.13034,"B3V",484.9,12.87
"HD 470366",4213,0.000611,"K6V",934.4,20
"HD 973894",9012,0.004323,"DA5",154.2,14.08
"HD 535266",21876,10.270343,"B9IV",525.8,8.19
"HD 596020",3716,0.00009,"K2V",202,18.9
"HD 470602",15606,0.811265,"B5V",793.2,12.03
"HD 874173",10595,0.019136,"B3V",910.1,16.24
"HIP 95964",5085,24.364717,"K2IV",341.7,6.48
"HIP 24782",4402,101.364885,"K1III",891.2,6.96
"HD 553436",4780,0.00019,"K5V",577.4,20.41
"HD 504154",5377,0.000509,"G8V",795.1,19.86
"TYC 2977-793-1",10497,23800.519267,"B5Ib",866.5,1.04
"WD 4052+311",23447,0.001415,"DA2",727.9,18.83
"HD 518978",8168,0.001903,"DA6",820.8,18.61
"HD 864809",3411,0.000156,"M1V",757.2,21.34
"HD 464617",9502,0.005332,"DA5",583.8,16.69
"HD 429398",3133,0.000162,"M6V",886.2,21.55
"TYC 2694-528-1",10658,143583.556808,"B5Ia",638.4,-1.63
"HD 711142",16792,1.687273,"B0V",974.8,11.58
"HD 405148",2695,0.000123,"M7V",843.7,21.47
"TYC 9722-222-1",22255,24048.428136,"B9Ib",831.4,0.94
"HIP 86255",3853,178.230082,"K8III",784.6,6.28
"HD 632461",18958,4.971733,"B0V",225.6,7.27
"HD 953744",5483,0.000776,"G1V",286.9,17.27
"HD 927517",9409,0.009526,"DA5",827.8,16.82
"HD 766537",5512,0.000362,"G0V",963.9,20.92
"HD 214734",27782,660.632726,"B3III",628.2,4.09
"HD 136414",3572,0.000061,"M7V",930.5,22
"HD 721193",2512,0.000119,"M9V",993.7,22
"HIP 51494",4579,113.944645,"K6III",699.2,6.4
"HD 692790",3317,0.000121,"M6V",947.3,22
"HD 266900",23740,377.81689,"B9III",160.1,1.55
"HD 771218",7469,0.005706,"F0V",987.8,17.88
"HD 601822",30751,28842.021504,"O2Ia",248,-1.68
"HD 137583",2839,0.000111,"M5V",779.7,21.66
"HD 414672",32096,34167.14526,"O9Ib",355.5,-1.29
"HD 859258",9389,0.006043,"DA5",652.9,16.99
"WD 6885+225",12879,0.000149,"DA3",577.1,20.59
"HD 768605",6940,0.002019,"F2V",539.5,17.45
"HD 183371",2881,0.000154,"M6V",591.6,20.76
"HIP 3952",3725,42.323967,"K4IV",393.1,6.19
"HIP 41280",3776,121.911766,"K2III",831.2,6.74
"HD 183673",2503,0.00021,"M9V",849.6,21.11
"HIP 103553",4616,133.355961,"K1III",712.9,6.19
"HD 956599",7235,0.002773,"F7V",731,18.1
"HIP 108416",4336,150.951507,"K9III",275.3,4.04
"HD 680043",17243,2.935484,"B2V",459.3,9.59
"HD 427779",15286,0.527536,"B2V",742,12.36
"HD 559615",2524,0.000123,"M3V",214,18.62
"HIP 58937",4999,314.564953,"K0III",936,5.81
"HD 501989",11423,0.034236,"B2V",689.6,15.12
"HD 552399",13401,0.228127,"B2V",640.1,13.13
"HD 353520",34857,532998.183657,"O3Ia",645.7,-3
"HD 651871",3614,0.000307,"M4V",729.2,20.31
"HD 848951",7049,0.00243,"F2V",888.3,18.56
"HD 726586",8579,0.006391,"DA5",949.5,17.81
"HD 692900",33940,176105.545148,"O6Ib",825.5,-1.16
"HD 154825",10006,0.020303,"B9V",852.7,16.31
"WD 9438+405",13633,0.002818,"DA3",841.7,18.16
"HD 309836",2544,0.000051,"M7V",965.7,22
"HD 538089",6450,0.001281,"F7V",293.6,16.94
"HD 981934",2706,0.000053,"M5V",570.8,21.66
"HD 382454",3992,0.000356,"K9V",72.4,15.11
"HD 967750",10695,0.01339,"B0V",592,15.81
"HD 480263",4162,0.00031,"K7V",755.1,20.31
"HD 526144",14436,0.375563,"B6V",434.8,11.58
"HD 138204",2539,0.000055,"M1V",836.9,22
"HD 975503",25420,1088.193702,"B1III",911.8,4.47
"HD 703003",4567,0.000893,"K7V",825.5,19.42
"HIP 75265",3300,510.939696,"M8III",955.2,5.37
"HD 307500",8848,0.002609,"DA5",516.7,17.41
"HD 459658",33417,137959.033914,"O8Ia",898.4,-0.77
"HD 191654",6056,0.000413,"F3V",499,19.21
"HD 554523",8554,0.002378,"DA5",495.4,17.4
"HD 624382",18604,9.915405,"B7V",664.6,8.78
"WD 8142+190",22949,0.003049,"DA2",581.6,17.39
"HD 115678",11407,0.033219,"B8V",893.7,15.65
"HIP 107130",3591,244.536832,"M2III",565.9,4.98
"WD 3705+933",24495,0.001089,"DA2",962.1,19.65
"HD 948778",27065,1139.030631,"B9III",824.5,4.28
"HD 745246",2582,0.00015,"M6V",570.8,20.64
"HD 817511",24505,319.657309,"B7III",630.3,4.91
"HD 255779",32517,47047.658663,"O7Ia",321.7,-2.06
"HD 238481",2728,0.000156,"M1V",835.3,21.47
"HD 715435",28673,2288.634378,"B2III",952.3,3.8
"HD 512598",4978,0.000722,"K0V",228.4,16.98
"HIP 77343",4152,567.449595,"K9III",458.7,3.87
"WD 3675+261",10891,0.000512,"DA4",598.5,19.34
"HIP 40052",4132,99.036648,"K0IV",902.1,6.87
"HIP 89895",4261,221.29448,"K1III",115.3,1.83
"HD 822880",7312,0.002809,"F5V",650.7,17.74
"HIP 89431",3868,176.178043,"K8III",931.2,6.49
"HIP 105590",4349,56.298096,"K7IV",717.7,7.17
"HD 691220",14332,0.354622,"B7V",999.9,13.39
"HD 276068",6012,0.002428,"F8V",704.9,17.98
"HD 549619",18931,3.903539,"B3V",264.4,7.87
"HD 166497",2537,0.000079,"M6V",773.8,22
"HD 791068",7224,0.000873,"F4V",952.9,19.75
"HD 690081",6869,0.002075,"F9V",175.9,15.22
"HD 668772",16765,0.995967,"B3V",959.5,12.16
"HD 102827",2638,0.000122,"M3V",372,19.87
"HD 527647",17198,1.034661,"B3V",928,11.94
"HD 107444",4417,0.000135,"K9V",773.9,21.39
"HD 284705",20390,4.652596,"B8V",369.5,8.49
"HD 639269",13800,0.101111,"B7V",633.6,13.74
"HD 918290",8648,0.008826,"DA5",734.1,16.85
"HD 169391",32194,51379.97215,"O0Ia",897.1,0.2
"HD 619200",32934,50486.792199,"O8Ia",871,0.2
"HD 656030",33468,126665.145313,"O6Ib",644.9,-1.42
"WD 7960+774",19456,0.00045,"DA2",685.2,19.78
"HD 794315",2910,0.000129,"M0V",645.6,21.05
"HD 662796",5369,0.000466,"G1V",471.9,18.99
"WD 5377+638",17301,0.000459,"DA2",524.8,19.28
"HD 290695",4263,0.000425,"K6V",737,20.04
"HD 781163",21583,37.219643,"B0IV",554.8,7.11
"WD 3580+218",24480,0.00063,"DA2",785.3,19.71
"HD 700762",31249,31438.891986,"O8Ib",932.7,0.68
"HD 961549",23257,104.760802,"B7III",925.5,6.93
"HD 126269",12558,0.057665,"B7V",863.1,14.79
"WD 1740+418",23693,0.000261,"DA2",959.5,21.13
"HD 885438",21023,36.280916,"B8IV",285,5.68
"HD 921276",21221,33.735269,"B2IV",697.3,7.85
"HD 354758",7077,0.002601,"F9V",993.6,18.63
"HD 193077",3505,0.00013,"M9V",987.2,21.77
"HD 578021",5434,0.000621,"G1V",933,20.23
"TYC 2995-366-1",24582,131734.236354,"B1Ia",839.6,-0.89
"HD 414404",2723,0.000108,"M4V",677.6,21.18
"HD 376738",2504,0.000096,"M5V",457.5,20.53
"HD 408921",17469,2.835421,"B7V",613.5,10.1
"HD 859470",11730,0.053337,"B1V",909.6,15.16
"TYC 3761-351-1",4217,23828.886269,"K5Ib",950.1,1.05
"HD 612349",22387,32.025793,"B6IV",523.3,7.01
"HD 835236",5010,0.000195,"K1V",963.7,21.33
"HD 799795",9521,0.012516,"A8V",78.8,11.57
"HD 482654",12976,0.093945,"B8V",582.5,13.51
"HD 807021",28952,5493.184127,"B6III",704.8,2.14
"HD 457962",2667,0.000084,"M4V",945.4,22
"HD 998645",4866,0.000352,"K5V",791.4,20.42
"WD 4861+391",21836,0.0002,"DA2",881.5,21.38
"HD 911175",16689,1.554233,"B0V",577.5,10.62
"HD 546285",25991,1348.40849,"B4III",627.2,3.67
"WD 3946+713",20977,0.001911,"DA2",405.5,17.26
"HIP 96396",4729,147.796222,"K3III",963.1,6.92
"HD 202532",32423,54980.941126,"O4Ib",165.1,-3
"HD 961650",18304,4.651118,"B3V",240,7.51
"HD 719878",20670,6.197254,"B8V",602.1,9.17
"TYC 3174-464-1",18577,77717.29849,"B9Ib",390.6,-1.99
"HD 259036",16466,0.690353,"B3V",708.8,12.04
"HD 834125",14543,0.160428,"B2V",706.7,13.44
"WD 8818+435",8318,0.000111,"DA6",404.5,20.21
"HD 656253",5741,0.002142,"G4V",221.6,15.82
"HD 278694",26891,2186.507621,"B9III",874.8,3.71
"HD 411892",22659,66.102941,"B9IV",896.6,7.54
"HD 378981",4378,0.000212,"K0V",616,20.38
"TYC 6563-250-1",17525,11776.895024,"B4Ia",534.2,0.65
"WD 8750+338",6073,0.000529,"F2V",943,20.39
"TYC 4463-227-1",8513,17068.521225,"A7Ib",475.4,0.21
"HD 435805",11536,0.118073,"B7V",336.9,12.16
"HD 737927",19705,11.981383,"B4IV",533.8,8.24
"HD 638716",6271,0.000721,"F1V",593.1,18.91
"WD 6048+277",8536,0.003224,"DA5",733.2,17.91
"HD 887849",16767,2.337852,"B6V",408.5,9.43
"HD 321100",19131,7.608395,"B6V",913.7,9.56
"HD 197363",8072,0.003679,"DA6",626,17.45
"WD 8344+657",19542,0.001082,"DA2",875.1,19.58
"HD 152062",11095,0.017242,"B5V",904.4,16.41
"HD 496847",28399,1581.305834,"B6III",825.5,3.97
"TYC 1642-552-1",3940,17084.74138,"K5Ib",641.2,0.76
"HD 614055",15151,1.053251,"B2V",933.6,12.07
"HD 536005",24919,605.418355,"B2III",415.9,3.37
"HD 103835",6265,0.000641,"F3V",846.2,19.76
"HD 598411",21281,29.766942,"B9IV",364.4,6.16
"HD 516856",5503,0.000809,"G7V",273.5,17.15
"HD 216296",2819,0.000121,"M6V",750.4,21.38
"HD 698975",3481,0.000205,"M6V",972.9,21.35
"HD 255062",11367,0.03654,"B6V",964.2,15.87
"HD 165528",7205,0.002241,"F1V",882.6,18.72
"HD 433332",19727,5.931677,"B5V",381.8,8.2
"HD 920871",19416,8.29993,"B3V",704.5,9.25
"TYC 7041-766-1",14219,18851.887961,"B0Ia",950.1,1.6
"HD 619816",23967,189.458855,"B0III",647.1,5.58
"HD 360570",2665,0.000188,"M6V",789,21.06
"HD 202186",27586,1027.591944,"B5III",671.5,3.98
"HIP 76155",5114,779.784996,"K8III",816,4.54
"HIP 37913",4572,214.683983,"K0III",798.6,5.76
"HD 914956",5058,0.001226,"K6V",286,16.8
"HD 744051",28586,2814.725761,"B4III",945.4,3.64
"HD 290504",33471,136251.74799,"O3Ib",798.2,-1.15
"HD 426325",5667,0.000968,"G4V",597.8,18.78
"HD 202000",8394,0.002576,"DA6",734.5,18.01
"TYC 7328-989-1",12543,47966.044328,"B2Ib",759.3,-0.11
"HD 823397",14001,0.146606,"B8V",865.6,13.86
"HD 770740",2565,0.000072,"M2V",870,22
"HD 257943",34688,104951.477042,"O1Ib",973.7,-0.29
"HD 676111",10492,0.018264,"B0V",733.9,15.84
"HD 744894",2955,0.000127,"M3V",578.9,20.9
"HD 828221",8472,0.003745,"DA5",384,16.22
"WD 7018+535",14761,0.001365,"DA3",670.5,18.68
"HD 875713",26916,940.650777,"B2III",755.8,3.98
"WD 4161+186",15927,0.000973,"DA3",407.2,17.78
"HD 817595",10957,0.064394,"B3V",931,15.02
"HD 992253",15049,0.380562,"B6V",410.7,11.45
"HD 770459",4430,0.000661,"K3V",536.3,18.84
"HD 139635",27603,1570.559391,"B3III",985.6,4.27
"HD 672123",30759,25632.493569,"O2Ib",709.2,0.37
"HD 746705",9171,0.018411,"A9V",938.3,16.47
"WD 7204+453",13761,0.001837,"DA3",541.3,17.9
"HD 849109",2500,0.000112,"M0V",178.2,18.4
"HD 348718",3169,0.000195,"M6V",380.6,19.36
"HD 617692",6886,0.001148,"F0V",532.5,18.21
"HD 393937",3480,0.000131,"M3V",646.9,21.1
"HD 159778",30928,74408.168491,"O8Ia",677.3,-0.76
"HD 728082",4011,0.000599,"K5V",674.2,19.53
"HD 424918",25566,627.959232,"B2III",556.8,3.93
"HD 614069",11088,0.063368,"B6V",969.6,15.18
"HD 784259",32490,47651.110691,"O1Ia",844.2,0.16
"HD 455404",20836,26.55944,"B4IV",232.3,5.67
"WD 3294+623",22752,0.002616,"DA2",600.4,17.42
"HD 989124",2829,0.00039,"M1V",844.8,20.27
"HIP 59655",4364,403.651512,"K8III",497.4,4.23
"HD 263791",16846,2.250325,"B4V",953.3,11.17
"HD 812311",28084,2955.730214,"B2III",822.9,3.11
"HIP 90290",4394,144.168748,"K0III",805.2,6.35
"HD 802289",23927,50.710186,"B6IV",694.2,7.16
"HD 741650",23205,313.494757,"B2III",803,5.5
"HD 201946",5171,0.000714,"K2V",906.1,19.78
"HD 434357",3345,0.000298,"M8V",116.4,16.36
"HD 415359",3932,0.000121,"K3V",946.4,21.87
"HD 912547",10056,0.017818,"B8V",680.7,15.79
"HD 793704",6994,0.00265,"F2V",380.6,16.52
"HD 492249",11583,0.032166,"B7V",308.7,13.44
"WD 2531+350",8595,0.000239,"DA5",830.6,20.77
"HD 194648",22697,49.403902,"B3IV",929.7,7.71
"HD 200267",3586,0.000142,"M7V",329.1,19.43
"HD 346819",22277,38.621665,"B5IV",703.9,7.43
"HD 139031",8009,0.003482,"DA6",920.5,18.29
"HIP 48606",3000,293.504037,"M2III",386,4.06
"HD 469390",2579,0.000254,"M4V",835.9,20.88
"HD 304559",9574,0.010395,"A1V",954.5,17.08
"HD 837952",2688,0.000157,"M2V",357.4,19.48
"HD 186649",2701,0.000125,"M7V",613.3,20.82
"HD 680178",19243,3.447911,"B1V",818,10.55
"HD 326817",21261,26.188128,"B5IV",624.3,7.79
"HD 360824",7507,0.001472,"A9V",870.9,18.99
"HD 412389",3252,0.00015,"M4V",769.5,21.27
"WD 1012+413",20840,0.001559,"DA2",516.9,17.84
"HD 289034",26405,544.322526,"B8III",958.9,5.35
"HD 565766",2884,0.000069,"M1V",436.7,21.01
"HD 487715",12670,0.119217,"B7V",597.6,13.54
"HD 670703",30771,15433.269946,"O8Ib",581.2,0.76
"HD 885858",24072,1059.845018,"B5III",770.5,4.07
"HD 122950",13714,0.386797,"B0V",284.1,10.56
"HIP 46874",5051,41.237146,"K2IV",724.3,7.56
"HD 169243",15062,0.445327,"B4V",739.3,12.56
"WD 8509+299",23961,0.000792,"DA2",455.3,18.43
"HD 932071",9138,0.003628,"DA5",924.7,18.08
"HD 110614",4795,0.000414,"K4V",984.9,20.73
"HD 412608",10422,0.014519,"B1V",165,13.1
"HD 971034",2957,0.000075,"M8V",392.1,20.6
"TYC 5564-440-1",23501,339685.146832,"B4Ia",399.2,-3
"HD 736097",5218,0.000646,"G3V",264.2,17.2
"HD 640720",2572,0.000033,"M3V",644.9,22
"HD 305159",5539,0.00111,"G5V",361.1,17.42
"HIP 33095",3818,161.015044,"K6III",271.3,3.8
"HD 398117",30232,37544.18255,"O7Ia",305.9,-1.61
"WD 4522+660",6942,0.000697,"F6V",735.6,19.71
"HD 401327",22956,176.334209,"B3III",974.6,6.49
"HD 813764",2615,0.000081,"M0V",405.3,20.4
"HD 872554",30398,14265.699121,"O3Ib",721.3,1.19
"HD 338374",17151,2.288302,"B8V",707.5,10.53
"WD 8262+149",14062,0.000336,"DA3",835.2,20.51
"HD 233553",7952,0.001295,"A7V",942.6,19.6
"WD 8067+119",14941,0.000388,"DA3",398.5,18.59
"HD 800845",12281,0.029566,"B1V",599.1,14.99
"HD 476791",19496,15.392901,"B9IV",723.5,8.49
"HD 802037",33347,123502.571174,"O6Ia",520.4,-1.6
"HD 410725",5825,0.001187,"G9V",901.1,19.36
"HD 438191",13950,0.153224,"B2V",744.6,13.57
"HIP 100034",4472,193.644619,"K9III",445.7,4.8
"HIP 69267",3985,113.79965,"K5III",846.2,6.91
"WD 7191+691",17396,0.000269,"DA2",613.9,20.17
"HIP 108695",3352,79.821567,"M1IV",785.7,6.86
"HD 824478",3191,0.000222,"M8V",658.7,20.52
"HD 959497",2530,0.000126,"M6V",745.5,21.3
"HD 330217",4863,0.000199,"K8V",974.6,21.62
"HIP 8177",3463,244.62348,"M8III",920.1,6.31
"HD 962904",9901,0.010088,"A1V",829.1,16.89
"HD 311334",12763,0.066415,"B7V",443.9,13.48
"TYC 7215-838-1",12556,196426.800019,"B2Ia",864,-1.24
"HD 139478",21603,41.921882,"B1IV",832.6,7.84
"WD 1811+520",20364,0.000552,"DA2",975,20.41
"HD 153600",28807,15146.971976,"B4Ib",758.9,1.08
"HD 184569",17640,4.269666,"B5V",851.2,10.09
"HD 460941",5027,0.000896,"K6V",766.6,19.16
"HD 936904",31916,26709.483786,"O1Ia",761.8,0.7
"HD 457433",33028,137521.107081,"O9Ia",369.1,-2.47
"WD 5335+225",12786,0.000079,"DA3",523.8,21.34
"HD 475079",21384,31.929473,"B0IV",915.4,8.29
"HD 498609",19434,10.193698,"B7IV",640.8,8.79
"HD 555526",8223,0.003354,"DA6",627.5,17.31
"HD 258342",17601,3.382425,"B2V",210.6,7.58
"HD 566214",4036,0.000287,"K5V",153.8,17.29
"HD 538133",2818,0.000093,"M4V",528.8,21.04
"HD 385466",2614,0.000072,"M3V",541.6,21.32
"HD 825864",29429,9226.84519,"B6III",339.6,-0.15
"HD 278315",10369,0.03095,"B1V",850,15.67
"HD 893935",3467,0.000065,"M3V",907.4,22
"HD 783756",11264,0.0345,"B9V",711.3,15.13
"HIP 5269",5059,1043.388325,"K2III",985.1,4.62
"HD 332337",17818,4.641006,"B4V",231.8,7.43
"HD 856957",6601,0.001996,"F0V",900.9,18.83
"WD 4652+826",16770,0.00059,"DA3",860.2,19.95
"HD 265500",26179,924.696902,"B2III",556.4,3.54
"HD 411042",9753,0.018742,"A5V",552.7,15.29
"HIP 6415",4252,297.459283,"K0III",936.9,6.12
"HD 722040",13449,0.097285,"B0V",992.5,14.84
"HD 311848",25341,784.520533,"B9III",805.5,4.58
"HIP 52483",4986,143.003528,"K3III",357.2,4.82
"HD 656985",8062,0.012757,"A1V",940.3,16.74
"WD 6903+279",14017,0.002842,"DA3",832.9,18.18
"HD 405442",29045,4363.28297,"B4III",395.6,1.1
"HD 644210",21613,31.360988,"B4IV",615.1,7.43
"HD 563853",15755,0.840518,"B1V",667.7,11.37
"HD 206829",6472,0.004374,"F9V",789.2,17.72
"HD 173851",8486,0.002034,"DA5",469.2,17.28
"HD 695511",14339,0.266604,"B8V",639.3,12.65
"HIP 85812",3761,119.536,"K9III",618.6,6.03
"HD 389330",20420,8.547957,"B4V",918,9.56
"HD 678825",25820,517.934448,"B8III",669.2,4.4
"HD 460219",20148,20.198615,"B2IV",542.7,7.66
"HD 586598",23486,46.677866,"B4IV",703,7.37
"TYC 9810-569-1",9854,49250.517585,"A3Ia",579.6,-0.67
"HD 223811",2501,0.000067,"M4V",852.3,22
"HD 686536",29514,6106.899362,"B8III",299.2,0.08
"HD 501748",17863,1.292629,"B7V",432.3,10.19
"HD 142416",11158,0.048891,"B2V",456.9,13.92
"HD 190471",14380,0.304148,"B2V",750.3,12.77
"HD 640473",8290,0.00393,"DA6",993.3,18.25
"WD 6370+619",14741,0.000592,"DA3",375.9,18.36
"HD 908262",14792,0.295952,"B8V",648.4,12.52
"HD 463509",4795,0.000378,"K7V",444.8,19.05
"HD 553898",29063,2021.995119,"B4III",808.4,3.63
"HD 222720",11520,0.035538,"B3V",939.8,15.7
"HD 119267",4955,0.000836,"K3V",196,16.34
"HD 651890",24146,180.957373,"B4III",621.4,5.55
"HD 768001",20268,22.817663,"B1IV",920,8.55
"HD 183728",4887,0.000492,"K5V",487.9,18.91
"HD 776451",4891,0.000668,"K0V",189.6,16.66
"WD 5178+414",22919,0.002053,"DA2",808.8,18.49
"HIP 93439",4026,527.198172,"K0III",733.2,4.65
"HIP 9584",3562,282.625117,"M5III",850.3,5.87
"HD 982167",26472,530.792148,"B3III",476.1,3.94
"HD 459892",3672,0.000437,"M7V",328.7,18.36
"HD 860042",21866,62.594186,"B2IV",708.3,6.87
"HD 939913",31662,31729.946802,"O7Ia",630.7,0.05
"HD 696621",27773,2746.305485,"B6III",673.7,2.74
"HD 855595",13661,0.373253,"B2V",343.1,10.92
"HIP 12838",5049,304.566016,"K5III",742.9,5.43
"WD 3087+164",8344,0.001059,"DA6",886.2,19.56
"HD 275904",22502,13.33469,"B8IV",468.1,7.68
"HD 430423",20818,25.046424,"B7IV",118.4,3.95
"WD 3014+547",12697,0.000461,"DA3",363.3,18.35
"WD 7822+755",6042,0.000375,"F2V",971.1,20.66
"HD 146368",7912,0.002224,"A6V",664.4,17.67
"HD 358621",5593,0.000508,"G8V",720.8,19.77
"WD 2218+297",20013,0.000641,"DA2",791.3,19.77
"HD 990486",16898,1.730354,"B4V",724.6,11.22
"HD 720905",17594,5.051127,"B2V",203.1,7.13
"TYC 1734-467-1",10781,21215.93463,"B0Ib",64.1,-3
"HIP 44288",4122,44.180351,"K0IV",677.9,7.35
"HD 380566",2599,0.000051,"M6V",599.1,21.76
"WD 3524+762",7249,0.000147,"F0V",680,21.2
"HD 266128",11165,0.085386,"B4V",502.8,13.42
"HD 882118",32557,44426.562539,"O8Ib",508.8,-0.76
"HD 441517",16925,1.343769,"B6V",944,11.73
"HD 641667",8920,0.00841,"DA5",465.5,15.78
"HD 101620",10410,0.017096,"B2V",653,15.72
"HD 201256",3924,0.000514,"K3V",714.6,19.73
"HD 441471",10486,0.030635,"B5V",786.2,15.54
"HD 910977",13479,0.06934,"B0V",871.7,14.66
"HD 889223",16770,0.905168,"B9V",929.3,12.23
"HD 956956",10843,0.034708,"B0V",783.1,15.38
"HD 598370",26171,737.001722,"B3III",322.7,2.74
"HD 830928",16581,0.671852,"B1V",681.5,11.91
"HD 755417",14275,0.241556,"B2V",777.8,13.19
"WD 1910+454",12991,0.000665,"DA3",598.3,19.03
"WD 1358+806",19580,0.000275,"DA2",345.2,18.77
"HD 234935",31176,19399.058664,"O4Ib",857.8,1.3
"HIP 13216",3618,432.084112,"M3III",798.5,5.01
"HD 586972",11044,0.022469,"B2V",48.6,9.97
"HIP 110399",4688,259.262332,"K3III",404.1,4.25
"HD 256418",22126,75.208393,"B5IV",771.7,7.06
"HD 874677",25902,825.397454,"B8III",991,4.94
"HD 534278",2876,0.000094,"M9V",256.7,19.26
"HD 684413",11770,0.061113,"B5V",908.7,15.08
"TYC 2878-930-1",6741,374233.260979,"F4Ia",816.1,-1.98
"HIP 36908",3990,48.693108,"K2IV",97,3.03
"HIP 27823",4383,288.143826,"K1III",55,-0.12
"HIP 45030",4759,137.405294,"K6III",523.7,5.7
"HD 110838",33308,231335.394724,"O2Ia",993.9,-1.28
"HD 532986",34897,412503.856509,"O4Ia",947.8,-1.88
"HIP 77679",3837,213.081105,"K4III",396,4.37
"HIP 109797",4171,95.09248,"K6IV",503.5,5.88
"HD 308730",14840,0.909967,"B5V",522.7,10.99
"HD 586496",2511,0.000048,"M0V",617.9,21.87
"WD 4827+689",14849,0.001592,"DA3",264.1,16.53
"HD 239076",3710,0.000645,"K7V",822.1,19.88
"HD 472465",9300,0.012796,"A2V",989,17
"HD 397930",11649,0.09163,"B6V",884.8,14.45
"HD 852977",2639,0.000179,"M4V",698.9,20.87
"HD 389270",8264,0.010368,"A5V",714.7,16.56
"HD 437947",28865,1854.334137,"B5III",234.7,0.8
"HD 799362",10550,0.021614,"B2V",518.8,14.95
"HIP 68270",3431,106.293739,"M8III",544.6,5.74
"HD 586499",21815,72.806527,"B0IV",353,5.36
"HIP 105139",4884,154.627913,"K6III",155.9,2.66
"WD 1541+918",23350,0.001167,"DA2",197.4,16.17
"HD 631287",9680,0.03048,"A6V",312.9,13.65
"HD 836685",9767,0.005329,"DA5",658.5,16.99
"HD 125258",9776,0.013157,"A5V",909.3,16.74
"HD 832713",22184,43.770863,"B2IV",946.1,7.87
"HD 620968",14508,0.244242,"B7V",908.5,13.45
"HD 703651",31061,26512.013215,"O9Ia",767.4,0.62
"HIP 30056",4728,154.373984,"K5III",270.2,3.9
"HD 912657",2578,0.00013,"M7V",947.7,21.85
"HD 952159",11917,0.111078,"B8V",493.4,13.13
"HD 866839",16639,1.569579,"B1V",491.1,10.22
"HD 139908",2587,0.000257,"M6V",788.6,20.67
"TYC 1412-556-1",8591,37033.037212,"A5Ia",484.9,-0.88
"HD 236914",9841,0.018074,"A2V",689,15.78
"HD 186702",2884,0.000078,"M5V",689.7,21.64
"HD 801818",15122,0.385696,"B9V",572.3,11.99
"HD 809609",3772,0.000217,"K7V",623.3,20.45
"HD 431385",31011,19547.973354,"O0Ib",982,1.46
"HD 862117",32337,68242.776982,"O9Ia",304.3,-2.27
"HD 114550",6865,0.006182,"F9V",900.7,17.4
"HD 709877",7876,0.002772,"A9V",453.7,17
"HD 139003",8793,0.014878,"A5V",651.6,15.83
"HD 283852",2744,0.000115,"M2V",730.9,21.3
"HIP 60586",4776,43.359012,"K5IV",992,8.17
"HD 105342",20933,18.588529,"B9IV",948.3,8.91
"HD 385313",34401,425054.4276,"O1Ia",257.4,-3
"HD 427930",4748,0.000694,"K6V",408.4,18.03
"HD 427652",11253,0.034917,"B0V",484.3,14.3
"HD 512587",30966,25747.03851,"O2Ia",227.9,-1.9
"HD 559248",5472,0.001761,"G2V",471.2,17.64
"HD 960240",7378,0.001732,"F5V",547.2,17.87
"HD 843555",2631,0.00004,"M6V",982.5,22
"HD 637377",5883,0.001147,"G3V",690.6,18.78
"WD 9854+618",21034,0.003198,"DA2",267.6,15.65
"HD 763491",5940,0.001366,"G0V",956.7,19.44
"HD 532279",4307,0.000273,"K9V",824.4,20.67
"TYC 2445-677-1",6580,19400.186878,"F8Ia",787.4,1.14
"HD 716299",17871,9.419217,"B4V",387.9,7.76
"HD 478877",8560,0.002608,"DA5",435.9,16.95
"HIP 47073",5592,396.239576,"G9III",902.7,5.41
"HD 141651",33351,70854.519283,"O3Ib",773.4,-0.39
"HD 178281",9972,0.052969,"A4V",710.8,14.78
"HIP 55673",3824,146.633057,"K7III",633,5.81
"HD 875655",27299,3432.708964,"B7III",117,-1.21
"HD 160571",20183,23.509619,"B2IV",314.3,6.37
"HD 540004",7486,0.004724,"F4V",91.2,12.8
"HD 508424",14682,0.178095,"B5V",569.8,13.06
"HD 342669",16236,1.753314,"B7V",752.5,10.97
"HIP 64102",4244,205.470373,"K1III",585.6,5.27
"HD 415280",15634,2.135089,"B1V",770.1,11
"WD 2740+331",15916,0.000316,"DA3",483.6,19.47
"HIP 18753",3994,57.216594,"K8IV",751.1,7.04
"HD 689183",2579,0.000055,"M7V",993.2,22
"HD 858304",2510,0.000463,"M3V",918,20.33
"HD 158769",25851,919.461602,"B5III",508.2,3.32
"HD 448198",18629,11.294643,"B0IV",306.6,6.77
"HIP 70531",3276,268.124134,"M2III",465.7,4.62
"HD 850542",8160,0.012929,"A9V",948.2,16.94
"HD 525877",24570,261.266029,"B6III",590.3,5.11
"HD 361873",27669,2035.034926,"B1III",873.9,3.74
"HD 770232",2619,0.000095,"M4V",679.2,21.26
"HD 915377",9929,0.015057,"A2V",633.1,15.85
"HD 327190",13403,0.175853,"B9V",726.1,13.38
"HD 690530",21002,31.508215,"B9IV",902.8,8.39
"HD 296701",14813,0.722175,"B1V",313.1,10.06
"HD 576220",4944,0.000947,"K8V",470.1,18.15
"HD 322153",5036,0.000247,"K2V",697.1,20.56
"HD 578786",12165,0.045396,"B7V",810.3,15.18
"WD 7781+805",10501,0.00072,"DA4",523.8,18.65
"HD 388880",32050,83040.36722,"O6Ia",369.1,-2.33
"HIP 65946",3773,58.553321,"K4IV",590.8,6.67
"HD 753202",31878,30170.059227,"O2Ib",844.6,0.68
"HD 925141",4009,0.000387,"K3V",959.3,20.78
"HD 832323",34797,187035.372062,"O8Ib",714.7,-1.78
"HD 688091",5104,0.000604,"K4V",714.9,19.58
"WD 4874+578",15437,0.000338,"DA3",662.2,20.04
"HD 143271",32255,63933.280272,"O2Ib",491,-1.4
"HD 700594",8923,0.004757,"DA5",174.7,14.31
"HD 157370",3237,0.000034,"M5V",545.4,22
"HIP 12090",3656,557.747004,"M7III",887.7,5.2
"HD 305225",7411,0.000558,"F2V",705.5,19.62
"HD 463550",16928,0.676155,"B6V",705.1,12
"HD 185487",7574,0.002787,"A7V",587.3,17.4
"WD 3400+718",8925,0.000692,"DA5",861.7,19.77
"HIP 76990",3831,62.635473,"K7IV",807.6,7.24
"HIP 10730",4912,112.530916,"K4III",970.3,7.3
"HD 686888",3085,0.000223,"M7V",970.5,21.34
"HIP 5270",3383,1372.777711,"M8III",743,3.55
"HD 138158",32748,43084.838709,"O3Ia",826.9,0.38
"WD 5800+766",11606,0.002716,"DA4",871.2,18.45
"HD 350122",24565,175.451184,"B8III",866.8,6.34
"HIP 111831",4554,325.512192,"K3III",690.1,5.08
"HD 961234",6547,0.001776,"F5V",935,18.89
"HD 933024",23378,90.025749,"B8IV",854.6,7.15
"HD 177575",2737,0.000252,"M5V",263.6,18.28
"HIP 91502",5287,348.594918,"G3III",386,3.99
"WD 8902+673",23444,0.001064,"DA2",378.2,17.45
"HD 221553",8136,0.003208,"DA6",505.3,17.11
"HD 938166",34547,207101.556015,"O4Ia",209.1,-3
"HD 622367",16527,2.174082,"B3V",958.5,11.3
"HIP 30610",3683,154.508333,"M8III",669.1,5.89
"HD 308142",2779,0.000062,"M0V",706.4,21.99
"HD 269225",13008,0.058319,"B1V",600.8,14.25
"HD 440431",18860,5.975906,"B6V",529.2,9
"HD 485727",6164,0.001398,"F7V",828.2,18.91
"HIP 34787",3641,122.511846,"M5III",731.1,6.3
"WD 8015+652",19642,0.000177,"DA2",456.6,19.86
"HD 200536",25124,670.481637,"B9III",930.4,5.25
"WD 9790+882",6516,0.000945,"F8V",865.5,19.62
"HD 684822",3280,0.000136,"M6V",205.2,18.63
"HD 746613",6076,0.003728,"F5V",854.8,18.11
"HD 358774",10924,0.043598,"B7V",776.9,15.15
"HD 667029",31513,19347.526681,"O0Ib",611.2,0.4
"HIP 29864",3928,34.789745,"K9IV",628.6,7.33
"HD 424824",15360,0.975596,"B8V",707.9,11.47
"HD 766275",30809,41067.660794,"O3Ia",700.5,-0.07
"HD 534950",8229,0.002406,"DA6",632.4,17.81
"HD 618818",20114,13.687855,"B5IV",335,7
"HD 902117",3647,0.000242,"M1V",386.1,19.27
"HD 702491",2873,0.000173,"M6V",693.4,20.76
"HIP 77591",3279,154.154147,"M8III",858.6,6.41
"HD 169363",16955,1.172944,"B6V",889,11.95
"HIP 119520",4848,53.595606,"K7IV",811.6,7.42
"HD 474140",9646,0.008155,"DA5",976.1,17.56
"HD 520836",22626,31.006863,"B8IV",655.8,7.66
"HD 290775",13339,0.181743,"B1V",151.3,10.12
"HIP 54108",5398,172.988799,"G2III",737.6,6.08
"HD 976828",18229,4.842842,"B1V",766.7,10.01
"HIP 97804",3414,60.142537,"M4IV",783,7.23
"HIP 66710",5232,1396.324101,"G9III",349.2,2.13
"TYC 4491-498-1",14139,130885.880486,"B2Ib",868.3,-0.9
"TYC 3009-454-1",20235,371089.913611,"B6Ib",97.8,-3
"HD 975834",22692,97.170481,"B0IV",908.4,7.19
"TYC 3101-809-1",12046,87769.006077,"B9Ib",768.2,-0.77
"HD 165334",19283,10.825685,"B6IV",989.5,9.56
"TYC 8710-757-1",8228,12062.691696,"A9Ia",975,2.13
"TYC 5620-175-1",19764,83469.355092,"B0Ib",549.7,-1.38
"HD 535182",4325,0.000154,"K5V",944.5,21.63
"HD 786637",2930,0.00008,"M4V",174.2,18.63
"HIP 75633",4252,506.149792,"K6III",898.8,5.2
"HD 907253",6780,0.003706,"F2V",954.3,18.3
"HD 601691",9852,0.008484,"DA5",943.1,17.44
"HIP 32533",5016,980.614861,"K0III",284.2,2.12
"HD 166327",21312,51.687634,"B6IV",164.3,3.95
"HD 483591",3121,0.000103,"M7V",799,21.8
"WD 4675+695",7406,0.000269,"F4V",821.8,20.76
"HD 768335",13698,0.369808,"B5V",731.8,12.71
"HIP 55784",4668,188.364822,"K6III",380.8,4.59
"HD 858618",21744,56.857554,"B8IV",980.4,7.93
"HD 962367",3413,0.000125,"M2V",415.3,20.21
"HD 608271",32534,102153.731009,"O0Ia",660.2,-1.32
"HD 813886",2517,0.000077,"M7V",703.7,21.77
"HD 498727",8977,0.009691,"DA5",872,17.13
"HD 267503",8166,0.002212,"DA6",252.6,15.92
"HD 891760",3645,0.000284,"M7V",513.1,19.68
"HD 198023",6494,0.00304,"F4V",842,18.27
"HD 265128",11953,0.033077,"B7V",348.9,13.61
"HD 209343",16939,0.983142,"B4V",457.8,10.59
"HD 217639",4837,0.000263,"K8V",956.4,21
"HD 590106",10739,0.022668,"B6V",443.2,14.56
"HD 928371",7123,0.002585,"F6V",671.2,17.97
"HD 716413",21874,32.044434,"B7IV",793.3,7.85
"WD 1321+529",10503,0.000797,"DA4",837.8,19.62
"WD 5624+297",15111,0.000241,"DA3",955.9,21.22
"HD 970430",11724,0.051727,"B3V",726.6,14.7
"HD 340356",10393,0.014817,"B7V",980.7,16.66
"HD 361224",21419,38.668041,"B6IV",991.4,8.24
"HD 256499",3087,0.000191,"M5V",432.4,19.51
"HD 591406",6149,0.001774,"F7V",943.6,18.97
"HD 990433",20961,24.833134,"B7IV",186.2,5.27
"TYC 9942-917-1",19404,57213.745054,"B8Ia",789,-0.06
"HD 529778",3711,0.000769,"K7V",685.6,19.27
"HD 338247",4639,0.000204,"K2V",775.4,21.03
"HD 712062",2532,0.000098,"M0V",946.1,22
"HD 863149",14859,0.356825,"B2V",764.7,12.64
"WD 5968+504",11936,0.003335,"DA4",818.3,18.04
"HD 109986",2528,0.000105,"M5V",533.3,20.93
"HD 348811",17210,2.493549,"B8V",823.7,10.88
"HD 330838",31089,51044.907306,"O1Ia",127.7,-3
"HD 353467",23606,104.503752,"B3III",385.5,5.18
"WD 7285+886",18626,0.000928,"DA2",990.9,19.85
"HIP 59199",3493,77.957046,"M1IV",759.3,6.83
"HD 885995",7085,0.006072,"F7V",964,17.61
"HD 371991",28725,6283.891313,"B4III",912.5,2.38
"HD 111856",25075,181.637628,"B4III",136.1,2.18
"HD 981807",3202,0.00033,"M3V",407.8,18.99
"HD 240759",2768,0.000257,"M0V",856.4,20.83
"HD 526601",2671,0.000164,"M8V",719.9,20.92
"HD 696216",15991,0.926447,"B6V",836.6,11.91
"HD 310365",27558,1089.929318,"B9III",665.4,3.82
"HD 897747",2574,0.000077,"M1V",988.5,22
"HD 494217",14123,0.327651,"B5V",777.4,13.06
"HD 318051",32123,26856.877993,"O5Ib",747.3,0.57
"HIP 46211",4318,214.294924,"K3III",350,4.2
"HD 205174",26917,1601.315551,"B2III",886.4,3.94
"HD 575617",4553,0.00046,"K5V",710.5,19.86
"HD 261198",2573,0.000094,"M9V",354.9,20.2
"WD 6010+179",11909,0.000524,"DA4",804.6,19.85
"HD 349541",5551,0.000891,"G6V",680.3,19.14
"WD 7364+209",11312,0.000958,"DA4",701.7,18.98
"HD 329904",14243,0.227145,"B5V",793.1,13.21
"HIP 86583",3225,99.249779,"M5IV",530.5,6.02
"HD 265718",24122,356.989711,"B0III",916.6,5.68
"HD 738904",22947,59.27807,"B9IV",701.4,7.08
"HD 251606",27195,1447.720196,"B5III",911.3,4.19
"HD 661977",26711,670.073068,"B4III",294,2.51
"HD 653882",21261,11.650596,"B1IV",488.7,8.02
"HD 808878",13387,0.133562,"B6V",601,13.3
"HD 968068",2883,0.000048,"M2V",587.2,21.92
"HIP 53191",4057,309.545264,"K1III",638.8,4.98
"HD 562542",17390,2.39382,"B1V",708.5,10.51
"HD 575571",3389,0.000276,"M9V",184.4,17.6
"HD 645925",3098,0.000127,"M5V",616.4,20.85
"HD 513972",4580,0.000588,"K7V",348.7,18.07
"HD 410604",12520,0.112179,"B3V",712.6,13.94
"HD 533917",9105,0.010154,"A2V",897.3,16.99
"HD 396313",33707,180886.126876,"O3Ib",884.1,-1.06
"HD 398654",32972,71462.056086,"O1Ib",563.2,-1.16
"HD 571482",23119,132.541849,"B5III",893.9,6.74
"HD 814680",17972,4.742505,"B5V",617.6,9.36
"HD 848446",25569,886.7997,"B9III",750.7,4.24
"HD 347912",27698,4560.691161,"B1III",577.4,2.07
"HIP 36744",5073,71.777534,"K5IV",427.8,5.72
"HD 575093",3043,0.000045,"M1V",84.7,17.71
"HD 995669",8167,0.00639,"DA6",478.1,16.19
"HD 226629",13780,0.379296,"B6V",773.2,12.69
"HD 683111",25965,1167.172684,"B3III",915.3,4.48
"HD 658015",15776,1.483327,"B8V",846.5,11.54
"HD 182864",31211,32548.678824,"O2Ib",846.6,0.65
"HD 850534",9506,0.035842,"A8V",313.5,13.51
"HD 445246",7391,0.004263,"F9V",315.7,15.66
"HD 564483",2806,0.000179,"M0V",604.4,20.51
"HD 131003",12040,0.051985,"B5V",586.4,14.26
"HD 591706",5944,0.001271,"G8V",441.7,17.63
"HD 808784",16583,1.307281,"B1V",964.8,11.86
"TYC 4961-290-1",12223,59080.978425,"B6Ia",410.8,-1.58
"HD 250138",14620,0.242726,"B2V",660.7,12.79
"HD 406494",27268,749.556576,"B9III",679.5,4.19
"HD 147681",19091,7.77159,"B2V",991.4,10.16
"HD 528243",7059,0.001677,"F7V",596.7,18.05
"HD 632939",12741,0.064155,"B7V",951.8,15.05
"HD 708799",32034,21635.977048,"O6Ib",870.1,1.11
"HD 191900",15523,0.193833,"B7V",935.2,13.89
"HD 952872",17482,5.350287,"B8V",505.4,9.02
"HIP 97061",4650,33.586688,"K3IV",174.5,4.6
"HD 482476",34579,81757.697277,"O0Ib",748.2,-0.71
"HD 943233",34404,333451.276633,"O5Ib",386.7,-3
"HD 236650",2556,0.000065,"M5V",562.1,21.61
"HD 431864",17749,3.332828,"B3V",860.2,10.53
"HIP 54343",3801,66.294825,"K9IV",766.1,7.09
"HIP 19347",4537,385.785297,"K2III",380.5,3.6
"HD 716352",9687,0.019948,"A2V",904.5,16.43
"HD 856192",7804,0.003708,"A6V",732.6,17.82
"HD 982923",6083,0.000762,"F2V",780.9,19.37
"HD 463990",3395,0.000192,"M7V",847.8,21.27
"WD 8912+828",21504,0.001783,"DA2",270.2,16.34
"HD 971776",34700,440751.024499,"O3Ia",948.3,-2.1
"HD 430512",16651,2.318828,"B5V",807.3,10.97
"HD 674102",4335,0.000652,"K4V",958.4,20.29
"HIP 75114",5924,906.82545,"G9III",939.8,4.75
"HD 494959",14482,0.345591,"B5V",564.1,12.18
"HD 360250",23409,108.754482,"B3III",704.8,6.47
"HD 757301",6861,0.001598,"F8V",904.6,19.14
"HD 640679",19279,8.001712,"B7V",698.4,9.21
"HD 584260",6664,0.000765,"F0V",941.2,19.87
"HIP 40318",3550,137.987618,"M0III",444.1,5.09
"HIP 42177",3740,531.032999,"K2III",678,4.56
"HD 697898",12989,0.14376,"B2V",513.2,12.82
"HD 560049",27890,4157.117176,"B5III",989.1,3.17
"HD 406205",24739,135.347003,"B3III",852.7,6.57
"HD 571727",12577,0.086263,"B7V",530.5,13.65
"HD 200269",8832,0.009665,"DA5",794.9,16.8
"HD 651600",12633,0.110485,"B6V",876.7,14.32
"HD 254340",12068,0.050124,"B7V",858.4,15.25
"HIP 55744",4277,138.549103,"K4III",517.8,5.6
"HD 461804",5747,0.000533,"G0V",677.3,19.65
"HD 604156",26891,1312.232941,"B3III",116.1,-0.36
"HD 598336",11616,0.036353,"B4V",286.7,13.1
"HD 802654",16581,2.112523,"B2V",609.6,10.57
"HIP 26299",3000,361.507103,"M8III",283,3.14
"HD 553394",8366,0.005348,"DA6",875.7,17.67
"HIP 66793",5022,137.174669,"K1III",835,6.64
"HIP 21534",4529,60.060688,"K6IV",742.5,7.14
"HD 633680",6406,0.000333,"F6V",277.9,18.27
"HD 584584",30031,4077.602586,"O4III",871,2.82
"HIP 70452",5193,63.613823,"K3IV",291.8,5.07
"HD 385048",13325,0.068737,"B1V",559.6,13.77
"HD 271599",8475,0.006508,"DA5",738.2,17.04
"HD 825574",19735,19.950296,"B0IV",791.9,8.55
"HIP 116848",3399,195.303393,"M3III",887.9,6.19
"WD 5351+530",19768,0.001972,"DA2",829.1,18.56
"HD 216816",31814,47414.357844,"O4Ia",588.5,-0.7
"HD 972183",12629,0.12106,"B0V",687.7,13.63
"HD 881085",5785,0.001823,"G6V",886.7,18.8
"HD 742761",10987,0.045057,"B6V",887.2,15.42
"WD 2015+982",17587,0.000847,"DA2",917.5,19.75
"HD 889666",7475,0.007408,"F3V",266.6,14.65
"HD 208006",3406,0.000477,"M1V",877.1,20.3
"HD 552465",21623,23.908643,"B8IV",465,7.09
"HD 330091",16368,0.233412,"B9V",445.8,12.03
"HIP 106706",4761,134.257311,"K5III",877.9,6.82
"HD 102052",22379,37.749721,"B5IV",516.6,6.9
"HD 498043",3938,0.000296,"K4V",670.3,20.29
"TYC 2561-715-1",19191,29184.808714,"B5Ib",911.9,0.86
"HD 908115",10063,0.016836,"B2V",151.8,12.48
"HD 616479",33538,359485.010159,"O5Ib",751.9,-2.09
"HD 408965",32759,148801.772215,"O7Ib",967.4,-0.78
"HD 278227",26568,418.687443,"B1III",59.5,-0.5
"HD 188066",5425,0.000551,"G6V",436.1,18.59
"HD 760322",30131,7912.290435,"O2III",556.7,1.2
"HD 382569",5238,0.000536,"G4V",435,18.72
"HD 850530",8374,0.007636,"DA6",445.9,15.67
"HD 224523",22737,71.8541,"B3IV",873.3,7.46
"HD 859604",7688,0.003934,"A9V",893.3,18.07
"HD 464687",2642,0.000305,"M4V",906.4,20.85
"HD 834845",2506,0.000245,"M3V",957.4,21.24
"HD 506017",13921,0.200092,"B1V",798.2,13.49
"HD 631339",5564,0.000587,"G0V",758.5,19.69
"HD 863071",17774,3.69033,"B8V",498.6,9.25
"HD 296089",18378,5.320227,"B3V",828.1,9.91
"HD 499805",19895,15.631191,"B9IV",983.5,9.24
"HD 962556",15189,0.468719,"B5V",352.1,10.94
"HD 301320",13470,0.396129,"B9V",963.2,13.12
"HD 222731",11911,0.106316,"B2V",449.4,12.99
"HD 964555",21626,34.28179,"B7IV",238.9,5.2
"HD 316851",19488,8.306306,"B8V",596.2,8.91
"HIP 45600",3728,129.333605,"K4III",458.3,5.31
"HD 538539",2742,0.000062,"M2V",828.9,22
"HD 405440",29385,4674.244483,"B5III",687.2,2.22
"HIP 9659",4854,60.672584,"K5IV",486.7,6.23
"HD 995270",23605,127.905212,"B3III",803.1,6.53
"HD 912110",2971,0.000256,"M3V",711.7,20.55
"HD 257504",13073,0.113896,"B7V",605.4,13.5
"HD 747202",2961,0.000082,"M5V",782.3,22
"HD 646295",2500,0.000084,"M8V",763.3,21.74
"HIP 57157",3075,50.344764,"M0IV",638.4,7.18
"HD 102525",21065,11.212113,"B1IV",907.8,9.36
"TYC 7040-670-1",3954,28025.736368,"K4Ia",781.7,0.48
"HD 710541",19369,3.36982,"B7V",845.6,10.57
"WD 6678+557",7124,0.002462,"F8V",263.7,15.89
"HIP 9606",4958,251.424428,"K4III",885.8,5.99
"HD 743667",30477,9838.900214,"O9III",335.1,-0.15
"HD 310137",9653,0.006482,"DA5",777.7,17.21
"HD 696258",19063,2.826949,"B3V",918.1,10.92
"HD 140573",33475,262908.668692,"O4Ib",854.7,-1.63
"HD 475129",6169,0.000956,"F0V",257,16.84
"HD 220272",4892,0.000567,"K8V",960,20.31
"WD 4512+559",10740,0.000325,"DA4",622.7,20.05
"WD 7787+369",10744,0.001656,"DA4",337.6,16.86
"HD 546843",32045,46810.324466,"O7Ia",778.1,0.11
"HD 426851",10519,0.061304,"B0V",816.2,14.89
"WD 4644+190",13712,0.001397,"DA3",177.9,15.77
"HD 989024",31890,27154.530605,"O4Ib",420,-0.75
"HD 323286",3593,0.000121,"M1V",529.3,20.51
"WD 2056+543",10974,0.00045,"DA4",682.8,19.71
"WD 6141+971",20266,0.002238,"DA2",472.3,17.24
"HD 737399",14461,0.235013,"B9V",673.5,12.92
"HD 916013",5183,0.000282,"K2V",777.9,20.46
"TYC 4203-172-1",24588,25238.98401,"B5Ib",352.1,-1.08
"HD 499498",31194,17016.145463,"O9Ia",566.1,0.48
"HD 111247",24205,181.459987,"B8III",661.5,5.67
"HD 620332",6029,0.001107,"F1V",331.2,17.4
"HD 545840",12173,0.057641,"B8V",950.7,15.27
"HD 376868",22528,342.734244,"B3III",644,5.08
"HD 835469",20546,16.655523,"B9IV",696.6,8.58
"HD 602259",5664,0.000386,"G2V",858.3,20.29
"HD 287931",26221,1234.529184,"B8III",427.2,2.84
"HD 778901",3814,0.000156,"K3V",704.8,20.92
"HD 616449",5389,0.002364,"G4V",717.4,18.16
"HD 986011",18646,7.64223,"B3V",957.6,9.99
"WD 5919+963",8847,0.000765,"DA5",652.7,19.11
"HD 390334",15476,0.347367,"B4V",628.7,12.45
"HD 242286",16379,1.456482,"B9V",347.7,9.5
"HD 795694",16604,1.388861,"B7V",994.6,11.81
"HD 309171",24041,177.313792,"B4III",232.9,3.54
"HD 851046",18831,9.780227,"B0V",481.7,8.38
"HD 978596",14780,0.922759,"B5V",761.5,11.76
"HD 359795",10873,0.01748,"B4V",312.8,14.12
"HD 267154",2606,0.000133,"M6V",965.3,21.75
"HD 489264",4899,0.000402,"K8V",573.3,19.6
"HIP 87264",4319,53.682563,"K1IV",393.9,5.9
"HD 117503",22783,83.309901,"B7IV",874.8,7.17
"HD 708140",19228,3.640065,"B2V",923.1,10.63
"HD 392673",13213,0.105219,"B8V",469,12.91
"HIP 101192",3509,123.853809,"M2III",717.7,6.34
"HIP 65968",4320,115.18924,"K3III",547.8,5.91
"HD 690817",30243,13825.314187,"O9Ia",907.2,1.62
"WD 2895+389",23310,0.001122,"DA2",841,19.15
"HD 758949",5651,0.000335,"G8V",469.1,19.22
"HD 640402",7821,0.002429,"A3V",747.5,18.3
"HD 358645",8660,0.020297,"A6V",537.9,15.29
"HD 749932",29160,8196.161237,"B5III",481.1,0.73
"HD 551307",14210,0.283896,"B9V",454.7,11.82
"HD 428668",12343,0.066891,"B6V",523.7,13.69
"HD 706547",21223,5.041607,"B9V",767.4,10.04
"HD 260200",3936,0.000505,"K0V",59.5,14.5
"HD 357037",10308,0.033256,"B0V",902.2,15.55
"HD 236998",30975,4006.823209,"O8III",289.6,0.62
"HD 568801",10830,0.017481,"B3V",840.9,16.21
"HD 692903",18449,6.47048,"B4V",418.6,8.48
"HIP 7883",4967,317.235716,"K0III",616.4,4.89
"HD 953911",4052,0.000172,"K0V",143.9,17.19
"WD 1613+691",19197,0.000335,"DA2",337.2,18.53
"HD 850696",6990,0.002729,"F0V",852.8,18.49
"HIP 7279",3793,65.372691,"K4IV",848,7.48
"HD 217225",5689,0.000815,"G0V",731,19.3
"WD 6173+284",12208,0.001054,"DA4",495.5,18.23
"HD 167515",18335,3.391391,"B4V",595.1,9.82
"HD 514445",8396,0.005345,"DA6",788.3,17.35
"HD 853802",6304,0.001866,"F8V",783.4,18.7
"HD 500844",22121,78.389727,"B6IV",939.4,7.29
"HD 147773",5888,0.000473,"G7V",254.9,17.72
"WD 3081+879",8293,0.000469,"DA6",627.7,19.49
"HD 733397",6256,0.001642,"F5V",690.1,18.35
"WD 9739+150",23695,0.003788,"DA2",789.5,18.03
"HD 492483",18748,10.704642,"B9IV",588.7,8.55
"HD 668301",3658,0.000459,"M0V",928.5,20.44
"HD 956284",26975,1452.196651,"B6III",882.8,4.07
"HD 182310",5071,0.000447,"K8V",536.7,19.45
"HD 451322",29961,10297.836097,"B1Ia",467.4,0.48
"HD 858008",2978,0.000071,"M0V",511,21.05
"HD 205129",6201,0.001129,"F1V",581.6,18.44
"HD 205447",4213,0.00033,"K1V",222.3,17.59
"HD 934802",2733,0.000118,"M1V",752.1,21.61
"HD 209018",29254,6253.724052,"B5III",626.8,1.76
"HD 550713",13103,0.206095,"B7V",737.5,13.44
"HD 601041",26307,690.867369,"B1III",601.3,4.04
"HD 864753",30362,7450.374892,"O3III",763.5,2.05
"WD 8354+749",7052,0.000332,"F0V",175.8,17.24
"WD 1898+333",21392,0.00081,"DA2",792.8,19.46
"WD 3514+539",13642,0.0009,"DA3",964.4,19.73
"HIP 2206",4082,539.68895,"K5III",624.2,4.48
"HIP 116092",5445,697.16457,"G1III",883.8,4.89
"HD 769209",29445,6759.572668,"B6III",583.6,1.55
"HD 252087",7258,0.001477,"F4V",898.5,18.95
"HD 766202",30607,21111.887816,"O2Ib",923.2,1.44
"HD 557973",3115,0.000182,"M6V",570.7,20.37
"HD 731500",23771,52.416788,"B6IV",494,6.22
"HIP 64939",4482,120.88118,"K3III",443.5,5.39
"HD 256843",23610,121.507491,"B4III",986.5,6.98
"HD 302235",25419,540.161705,"B9III",385.7,3.49
"HD 640580",8552,0.004745,"DA5",628.5,17.09
"HD 122415",4860,0.000431,"K1V",248.9,17.69
"HD 503175",20239,12.410815,"B0IV",924.2,9.41
"HD 376286",14034,0.119387,"B6V",689.7,13.72
"HD 606505",25007,404.230438,"B7III",747.5,5.07
"HD 368680",17573,2.333942,"B3V",737.7,10.7
"HD 431249",20980,39.785763,"B2IV",536.4,6.91
"HIP 70679",3000,69.435236,"M4IV",809.8,7.37
"WD 3519+119",23849,0.000621,"DA2",888,19.96
"HD 666613",6338,0.002119,"F1V",955.8,18.79
"HD 103999",2994,0.000119,"M3V",916.4,21.94
"HD 457252",9645,0.012491,"A2V",824.2,16.61
"HD 188515",21565,32.90707,"B9IV",742.6,7.63
"HD 438796",32730,34462.356712,"O5Ia",169.8,-2.85
"HD 994487",32707,37766.047219,"O6Ia",448.8,-0.91
"HD 860551",7070,0.003294,"F0V",996.5,18.31
"WD 1054+160",15699,0.00148,"DA3",602.1,18.28
"HD 269778",25389,1081.026532,"B3III",359.3,2.33
"HD 528874",5486,0.000553,"G1V",615.9,19.25
"WD 7343+980",6992,0.000408,"F1V",631.1,19.69
"HD 207900",15255,0.529538,"B6V",333.4,10.58
"HD 230340",5626,0.000904,"G2V",370.6,17.8
"WD 2792+960",9914,0.00024,"DA5",308.7,18.68
"HD 812557",5250,0.001668,"G4V",716.3,18.54
"HD 389788",13970,0.245588,"B6V",517.5,12.43
"HD 224220",3533,0.000521,"M2V",981.3,20.25
"HIP 45381",3452,155.639456,"M0III",920.3,6.67
"HD 216960",17901,3.863599,"B6V",614,9.68
"HD 899852",15831,0.486715,"B3V",858.1,12.84
"HD 773278",15111,0.369829,"B6V",340.9,10.82
"HD 859916",4155,0.00018,"K7V",647,20.75
"HD 654077",3351,0.000103,"M6V",190.3,18.64
"WD 3895+875",14080,0.000853,"DA3",947.1,19.74
"HD 977774",3318,0.000257,"M6V",140.4,17
"HIP 97890",3424,11.764395,"M5IV",796,9.11
"HD 925777",14437,0.340056,"B8V",854.3,13.06
"HD 427992",11313,0.032817,"B7V",784.1,15.59
"HD 889511",8541,0.004105,"DA5",462.8,16.65
"HD 871641",23702,51.667568,"B4IV",784.5,7.52
"HD 264225",8127,0.00217,"DA6",498.9,17.43
"HD 903416",3489,0.00022,"M6V",508.1,19.94
"HD 537707",2510,0.000097,"M0V",416.7,20.27
"HD 920003",28391,4657.564147,"B6III",795.7,2.62
"HD 729393",7758,0.003051,"A2V",778.8,17.92
"HD 549525",3343,0.000135,"M9V",935.3,21.62
"WD 3486+730",16181,0.000193,"DA3",815,21.15
"HD 717581",14368,0.14819,"B0V",909.4,14.19
"HD 534869",5594,0.000365,"G8V",859.4,20.33
"HIP 110353",4072,29.362236,"K0IV",793.5,8.09
"HD 197052",3396,0.000147,"M0V",758.8,21.33
"HD 848125",10414,0.049256,"B0V",841.1,15.3
"HD 387359",4306,0.000445,"K1V",779.6,20.17
"HD 882276",26051,948.651487,"B2III",716.3,3.99
"HD 192468",19231,11.834472,"B5IV",834.8,9.12
"TYC 5098-316-1",6824,37817.588389,"F3Ib",536.5,-0.55
"WD 7843+506",18460,0.001056,"DA2",366.4,17.46
"HD 885787",5213,0.000212,"G9V",564.4,20.12
"HIP 75498",5048,523.2174,"K4III",818.4,5.06
"HD 817672",3429,0.000292,"M3V",416.2,19.08
"HD 392070",22738,95.391079,"B1IV",756.9,6.84
"HD 410573",13922,0.269873,"B8V",314.5,11.16
"HIP 5795",4998,140.841912,"K6III",393.1,4.83
"HD 583247",6649,0.003236,"F0V",726.3,17.81
"WD 4807+554",10389,0.00032,"DA4",109.5,16.26
"HD 119995",18394,3.349998,"B6V",113.2,6.13
"HD 975397",16567,0.586687,"B4V",963.7,12.71
"HD 735459",5917,0.001201,"G3V",249.2,16.73
"HD 421315",31202,14625.095703,"O6Ib",826.7,1.52
"HD 876536",2657,0.000069,"M8V",924.1,22
"HD 428651",21682,28.704545,"B4IV",518.3,7.23
"HD 941251",4506,0.000406,"K7V",686.9,19.99
"HD 718593",32034,57750.414324,"O4Ib",618.5,-0.48
"HD 781341",20854,56.059738,"B5IV",935.1,7.83
"HD 742952",15343,0.809041,"B1V",865.1,12.06
"HIP 109607",4175,129.027035,"K9III",770.7,6.47
"HD 691778",9126,0.006767,"DA5",797.4,17.36
"HD 185021",22019,22.806063,"B2IV",794.1,8.61
"HD 194693",18320,7.705669,"B4V",581.8,9.01
"HD 340412",4362,0.0009,"K3V",598.6,18.67
"WD 3470+996",18853,0.002197,"DA2",770.8,18.17
"HD 496082",34497,397688.065015,"O2Ia",444.7,-3
"HD 603983",21664,44.765221,"B7IV",994.2,8.19
"HD 665856",23487,112.69866,"B8III",793,6.66
"HD 356077",3369,0.000146,"M6V",881.6,21.53
"HD 490188",2511,0.000116,"M7V",701.3,21.46
"HIP 72762",3892,118.2305,"K3III",591.7,6.11
"HD 261394",32613,101778.446728,"O3Ib",597.6,-1.4
"HD 677390",4272,0.000357,"K4V",337.4,18.46
"HD 731544",2732,0.000082,"M5V",998.8,22
"HD 460583",2503,0.000065,"M0V",774.6,22
"HIP 33991",4251,143.845034,"K2III",787.1,6.25
"WD 6544+742",11739,0.000339,"DA4",453.7,19.29
"HD 836191",5089,0.001211,"K9V",503.2,18.06
"WD 3383+372",14299,0.000467,"DA3",980.4,20.59
"HD 449635",2873,0.000266,"M7V",776.6,20.74
"HIP 95261",5192,277.67173,"K5III",460.3,4.6
"HD 651850",27482,1874.446767,"B6III",438.2,2.32
"HD 140229",8878,0.003409,"DA5",385.4,16.3
"HD 827579",2638,0.000272,"M8V",991,21.22
"HD 459279",16921,0.833815,"B9V",698.1,11.66
"HD 814370",6556,0.00212,"F7V",961.6,18.69
"HD 173354",15051,0.868878,"B4V",530.4,11.07
"HD 542505",3245,0.000128,"M1V",484.6,20.35
"HD 649715",23862,70.690723,"B6IV",143.4,3.46
"HD 303246",19056,7.37445,"B4V",717.3,9.59
"WD 4090+701",11243,0.000649,"DA4",386.4,18.04
"HD 599943",25625,69.451721,"B2IV",831.7,7.21
"HIP 11815",4585,124.275907,"K3III",453.2,5.44
"HD 993923",33950,381808.43237,"O8Ib",738.2,-2.49
"HD 802843",34022,64748.315948,"O2Ib",915.8,-0.02
"HD 690467",13063,0.067794,"B8V",987.3,15.08
"HIP 99008",5090,1145.090433,"K9III",849,4.38
"HD 727877",22571,62.298097,"B5IV",902.6,7.56
"HIP 76208",4160,41.544588,"K9IV",462.3,6.55
"HD 572637",11111,0.070968,"B3V",870.4,15
"HD 279436",15592,0.191078,"B6V",305.8,11.48
"TYC 7781-638-1",3956,22678.884625,"K9Ia",840.4,1.07
"HD 991822",21437,25.643017,"B5IV",608.7,7.69
"HD 322655",19848,13.075343,"B3IV",902.5,9.29
"HD 703123",29557,5969.931682,"B3III",172.4,-0.98
"HD 169047",24267,250.173012,"B6III",915.2,6.1
"HD 486905",3171,0.00012,"M5V",891.8,21.82
"WD 9961+606",10926,0.000751,"DA4",920.8,19.94
"TYC 6610-360-1",20407,20869.450618,"B2Ia",727.8,0.67
"HD 284311",33286,160293.86258,"O3Ia",565.7,-1.94
"HD 748648",20874,14.17261,"B6IV",704.9,8.53
"HD 412685",8668,0.005663,"DA5",556.3,16.69
"HD 894466",10743,0.017382,"B4V",422.5,14.94
"HIP 88049",4417,147.950927,"K4III",569.6,5.77
"HD 964260",13641,0.139053,"B8V",971.8,14.31
"HD 615953",2561,0.000094,"M5V",946.5,22
"HD 986121",3338,0.000109,"M8V",887,21.95
"HD 597043",28630,6606.304458,"B0III",797.4,2.23
"HD 574257",24555,367.844625,"B0III",671.8,5.09
"HD 209194",3886,0.00053,"K6V",933,20.23
"HD 684049",25020,460.281592,"B7III",802.2,5.13
"HD 933760",30380,23378.328499,"O3Ib",792.7,0.84
"HD 451816",29393,6199.5228,"B1III",515.1,1.23
"HD 350526",10729,0.021958,"B6V",514.5,15.08
"HIP 55190",4419,73.817461,"K5IV",594,6.4
"HD 721190",3655,0.000416,"M2V",896.2,20.52
"HD 246451",3060,0.000072,"M0V",747.7,22
"HD 112578",9787,0.016007,"A1V",556.1,15.56
"HD 338217",29518,7874.93448,"B3III",407.8,0.6
"TYC 3734-382-1",3591,19969.260985,"M5Ia",759.1,0.73
"HD 927353",20422,14.988125,"B9IV",441.1,7.38
"HD 968516",22552,66.215524,"B8IV",753.1,6.98
"HD 506696",7902,0.004435,"A7V",752.9,17.54
"HD 974067",18956,6.780281,"B0V",935.8,10.05
"HIP 15418",3784,233.487222,"K3III",345.4,4.16
"HD 927040",12981,0.049415,"B5V",334.4,13.08
"HD 738433",21857,17.993276,"B7IV",732.7,8.25
"HIP 113260",5085,33.778535,"K2IV",621.9,7.51
"HD 384391",7489,0.004547,"F6V",836.9,17.83
"HD 299672",30093,8119.371169,"O2III",175.1,-1.26
"HD 687621",27998,3655.627738,"B5III",551.6,2.06
"HD 465898",32145,93292.080954,"O9Ib",520.1,-1.65
"HIP 66096",4480,105.763585,"K3III",811,6.74
"HD 791197",3266,0.000183,"M6V",739.5,20.9
"HD 206283",2551,0.000067,"M1V",664.2,21.75
"HD 230269",3781,0.000694,"K5V",854.7,19.85
"HD 202891",15977,0.298894,"B2V",994,13.59
"HD 543890",17243,2.443687,"B9V",681.2,10.55
"HD 378046",9808,0.011273,"A9V",716.4,16.32
"HD 877322",19648,8.967896,"B1V",289.9,7.3
"HD 767165",33022,130691.934684,"O0Ib",978.2,-0.52
"HD 181192",17937,2.174997,"B9V",571.8,10.2
"HD 760220",3853,0.000553,"K4V",156.2,16.37
"HIP 55350",4187,87.288276,"K2IV",321.4,4.98
"HD 304211",3812,0.000464,"K4V",912.2,20.44
"HIP 88425",3977,325.486654,"K9III",748.4,5.42
"HD 490097",13623,0.221475,"B5V",664.2,13.04
"HD 510375",24841,920.234124,"B4III",688,4.15
"HD 989957",33375,338148.968959,"O6Ib",442.2,-3
"HD 648082",3221,0.00015,"M9V",935.6,21.6
"TYC 2651-433-1",21401,36135.781781,"B8Ib",816.9,0.36
"HD 322851",3055,0.000062,"M0V",575.2,21.55
"HIP 21191",3967,70.578302,"K7IV",628.8,6.58
"HD 111894",8453,0.003073,"DA5",703.7,17.84
"HD 428953",29526,20111.514638,"B9Ib",588.5,0.32
"HD 999961",2655,0.000141,"M0V",584.1,20.81
"HD 694559",30903,11292.702503,"O5Ia",939.2,1.99
"HD 854132",8493,0.007961,"DA5",754.2,16.91
"HD 165873",30984,13575.270828,"O7Ia",733,1.21
"HD 388061",8223,0.002652,"DA6",861.5,18.44
"WD 8977+690",12285,0.000564,"DA4",925.5,20.44
"HD 394808",8963,0.006205,"DA5",152.2,13.69
"HD 786520",22684,92.122138,"B6IV",389.4,5.5
"WD 5239+685",10810,0.000906,"DA4",825,19.43
"HD 333917",4950,0.000406,"K5V",991.3,20.73
"HD 520799",15045,0.329207,"B8V",668.8,12.67
"HD 179296",15025,0.270337,"B5V",682.5,12.76
"HD 303222",6960,0.007152,"F5V",440.7,15.8
"HD 720048",8038,0.004872,"DA6",973.1,17.89
"HD 223836",5089,0.000291,"K5V",709.4,20.35
"HD 570428",6621,0.001408,"F5V",620.8,18.28
"HD 574405",32400,34496.623612,"O4Ib",955.5,0.73
"TYC 4975-714-1",12025,58374.589014,"B1Ib",558.8,-0.96
"HD 999232",24811,464.984557,"B2III",248.1,2.73
"HD 445779",22076,47.881262,"B0IV",828.9,7.64
"HD 228721",34901,407877.970346,"O1Ib",661.3,-2.67
"HD 741170",23441,24.311814,"B1IV",910.4,8.6
"WD 6126+976",20145,0.000853,"DA2",722.8,19.36
"HIP 91177",4273,25.979495,"K0IV",802,8.19
"HD 192676",14931,0.559214,"B2V",759.2,12.65
"HD 231112",2539,0.000243,"M0V",398.1,19.26
"HD 576343",21955,22.538209,"B6IV",812.2,8.19
"HD 779084",3835,0.000356,"K3V",710.2,20.1
"HD 509973",17581,3.42326,"B4V",716.7,10.17
"HD 212519",29584,6812.976793,"B6III",919.3,2.54
"WD 1757+664",6881,0.000357,"F6V",706.9,20.17
"WD 7983+318",22163,0.001893,"DA2",565.2,17.85
"HD 204033",19453,8.28878,"B9V",322.9,7.41
"HIP 32044",3997,136.926012,"K2III",934.2,6.75
"HD 754964",16253,2.095192,"B6V",789,11.01
"HD 552954",10317,0.011695,"B5V",988.7,16.98
"HIP 117901",4942,183.246218,"K9III",409.3,4.68
"HD 247426",27083,1010.628772,"B4III",686.8,3.94
"HD 147436",3816,0.000181,"K2V",416,19.82
"WD 6377+524",20062,0.001657,"DA2",846.6,18.86
"HD 355488",8954,0.008252,"DA5",622.7,16.29
"HD 250606",18291,1.777684,"B0V",575.1,10.52
"HD 282164",25499,634.364377,"B0III",443,3.55
"HD 102649",29519,7867.42222,"B3III",276.8,-0.31
"WD 8388+615",9710,0.002295,"DA5",613.8,17.69
"HD 639671",3619,0.000125,"M9V",866.3,21.75
"HD 300037",26164,1792.767753,"B2III",903.5,3.89
"HD 583742",14082,0.621725,"B6V",383,10.64
"HD 131780",5858,0.00059,"G6V",858.5,19.87
"HD 183717",6971,0.000515,"F3V",472.8,18.78
"HD 590111",11897,0.051937,"B9V",338.5,13.1
"HIP 71322",5422,122.698287,"G5III",542.9,5.72
"HD 569494",28354,2967.209199,"B4III",845.4,3.17
"HD 141022",9336,0.002643,"DA5",882.2,18.46
"HD 777455",17406,1.308485,"B0V",593.8,10.78
"HD 786029",12661,0.037865,"B6V",794.8,15.18
"HD 686153",31092,50081.336151,"O4Ib",769.9,-0.11
"WD 1244+408",20528,0.000741,"DA2",877.9,19.82
"HD 360950",7090,0.002315,"F2V",729.5,18.14
"WD 2254+407",7405,0.001146,"F8V",422.5,17.73
"HD 823882",3004,0.000198,"M9V",583.8,20.39
"HD 901275",7078,0.001501,"F3V",872.1,18.86
"WD 9428+169",14826,0.000309,"DA3",701.8,20.18
"HD 330871",32278,21170.982277,"O1Ib",781.8,1.02
"HD 121993",16215,0.610429,"B7V",254.7,9.87
"HD 381033",12295,0.09009,"B6V",464.9,13.28
"HD 439213",19320,11.164569,"B8IV",791.2,9.13
"HIP 57198",4039,227.177654,"K7III",201.8,2.97
"HD 641708",22802,211.724438,"B6III",441.1,4.63
"HD 629739",30446,24801.881691,"O1Ia",951.2,1.25
"HD 642378",23176,120.799339,"B9III",368.5,4.72
"HIP 25132",4043,62.081098,"K3IV",962.9,7.7
"HD 617558",18784,11.758464,"B3IV",515.9,8.18
"HD 418921",19387,9.448941,"B0V",891.1,9.58
"HIP 26458",4648,428.837379,"K4III",953.2,5.45
"WD 3753+810",14205,0.000537,"DA3",391.3,18.33
"HD 133609",19119,11.496799,"B3IV",326.4,7.25
"WD 7644+222",8568,0.000466,"DA5",758.8,19.99
"HD 593278",22499,74.941067,"B0IV",463.3,5.9
"HD 915145",30637,6164.764209,"O1III",241.2,-0.35
"HD 219037",3943,0.000747,"K4V",891,19.72
"HD 707019",8558,0.005454,"DA5",70.9,12.24
"HD 982203",19530,2.352312,"B9V",446.5,9.52
"HD 332549",5305,0.000389,"G7V",149,16.64
"HD 243655",14010,0.138366,"B3V",693.7,13.6
"WD 7569+474",23479,0.000519,"DA2",654.3,19.54
"HD 491229",22380,29.512561,"B7IV",990.2,8.41
"WD 6536+237",12588,0.000608,"DA4",439.4,18.56
"HD 722332",28326,1252.557313,"B3III",530.8,3.12
"HD 339618",13318,0.182386,"B3V",626.4,13.12
"HD 949604",27038,3232.887447,"B1III",991.9,3.43
"HIP 112789",3558,77.527116,"M2IV",815.8,7.15
"WD 7554+769",24379,0.000369,"DA2",542.8,19.24
"HD 890527",24165,166.218167,"B0III",823,6.24
"HIP 61373",3791,266.915977,"K8III",513,4.8
"HD 623583",18010,6.664298,"B1V",763.9,9.67
"HD 623505",20082,7.457913,"B0V",723.3,9.34
"HD 807259",2685,0.000061,"M8V",906.2,22
"WD 6591+611",15692,0.000293,"DA3",694.7,20.29
"HD 127186",20005,17.052021,"B3IV",78.5,3.63
"HIP 55273",4365,246.969872,"K9III",724.3,5.69
"HD 356177",12877,0.150361,"B8V",882.1,14.09
"HD 683345",5264,0.000453,"G5V",754.3,20.09
"HD 369557",32985,119528.97226,"O9Ib",459.3,-2.17
"HD 183395",16963,3.530683,"B0V",817.6,10.45
"HD 945416",29892,9836.462545,"B2III",597.8,1.18
"HD 412601",20151,23.703851,"B8IV",733.9,8.24
"HD 590953",22148,78.95943,"B7IV",256.4,4.37
"HD 504159",25191,277.046006,"B9III",790.8,5.77
"HD 419273",5869,0.001017,"G8V",179.9,15.91
"HD 573642",22213,32.591116,"B0IV",307.4,5.94
"HD 254969",19309,10.712149,"B2IV",867.8,9.46
"HIP 90983",3452,68.727872,"M3IV",715.5,7.03
"HIP 67842",3392,88.783192,"M1IV",177.3,3.7
"HD 512359",16885,1.230105,"B2V",817.9,11.62
"HIP 10530",4582,1485.563087,"K7III",509.8,2.76
"HD 348724",2580,0.000077,"M2V",979.6,22
"HD 598071",6747,0.001394,"F3V",573.5,18.21
"HD 108331",11602,0.014092,"B1V",448.1,15.23
"HIP 63583",4279,164.672426,"K8III",955,6.67
"HD 201670",10479,0.013309,"B9V",103.6,12.04
"HD 664721",3784,0.000164,"K4V",250.9,18.5
"HD 969360",30669,17771.174147,"O8Ia",635.3,0.74
"HD 419827",20404,7.260149,"B0V",921.9,9.84
"WD 7527+976",13255,0.003825,"DA3",339.9,16.02
"HD 202491",19925,2.859917,"B8V",321.7,8.56
"WD 2370+730",18289,0.002927,"DA2",430,16.72
"HD 137149",3728,0.0001,"K1V",417.6,20.37
"HD 483478",34030,249883.421511,"O3Ib",440.8,-2.99
"WD 1654+487",8562,0.005752,"DA5",639,16.91
"HD 297384",13503,0.306265,"B8V",613.1,12.45
"HD 391855",26203,239.77455,"B5III",667,5.44
"HD 644644",3909,0.000125,"K6V",801,21.54
"HD 866852",23759,144.042567,"B0III",866.9,6.44
"HD 943859",12213,0.05616,"B0V",819.8,15.03
"HD 497495",14668,0.547348,"B4V",996.8,12.98
"HD 712752",26802,5241.439452,"B5III",991.5,2.66
"WD 1151+995",11669,0.000196,"DA4",159.6,17.72
"WD 3541+649",16480,0.001008,"DA3",604.6,18.69
"HD 616565",19244,2.368251,"B3V",529.7,10.02
"HD 570316",32037,37191.043397,"O2Ib",236.6,-2.32
"HD 112709",28726,9608.709759,"B7III",995.2,2.17
"HD 566549",23624,227.501758,"B5III",990,6.22
"HD 156779",4609,0.000451,"K0V",59.3,14.4
"HD 263418",4709,0.000762,"K5V",969,20
"HD 740199",32725,158986.847169,"O2Ib",274,-3
"HD 611461",18244,6.849301,"B9V",583.4,9.1
"HD 712983",2571,0.000091,"M8V",844.8,21.86
"HD 431998",2934,0.000086,"M9V",629,21.41
"HD 809320",4556,0.000388,"K3V",892.3,20.42
"HD 819231",27058,1516.98211,"B1III",692.4,3.54
"WD 2638+613",6882,0.000278,"F6V",732.7,20.5
"HD 491126",23167,48.817823,"B4IV",988.7,7.79
"HD 100285",21793,40.306651,"B4IV",547.9,6.77
"WD 2050+548",6578,0.000991,"F5V",897.9,19.54
"HIP 82559",4167,108.183025,"K2III",712.7,6.47
"HD 738148",8072,0.002614,"DA6",772.3,18.22
"HD 505777",13037,0.114161,"B8V",461.9,12.85
"HD 704747",3646,0.000167,"M0V",915.1,21.36
"HD 169310",15406,0.86748,"B3V",464.5,10.87
"WD 8754+961",8265,0.000328,"DA6",738.4,20.3
"WD 7443+229",17298,0.00092,"DA2",927,19.65
"HIP 59100",3684,822.072201,"M8III",864.9,4.6
"HD 865969",3539,0.000339,"M8V",162.3,17.13
"HIP 84344",4552,954.031354,"K2III",767.4,4.35
"HD 204885",15403,0.246175,"B4V",773.5,13.34
"HD 584638",9510,0.015995,"A4V",410.3,14.66
"HIP 41748",3307,109.379974,"M6III",649.6,6.22
"HD 416340",32230,49809.98281,"O4Ib",917,0.25
"HD 792622",20158,8.187986,"B0V",690.7,9.31
"HD 712724",23928,344.244165,"B1III",872.1,5.73
"HD 546652",32833,48012.032617,"O7Ib",693.1,-0.13
"HD 731797",2519,0.000046,"M3V",938.8,22
"HD 764114",7132,0.001169,"F8V",833.8,19.17
"HD 148635",6364,0.001326,"F1V",266.2,16.46
"HD 707182",28162,2143.309512,"B7III",349.4,1.73
"HD 749984",5896,0.000662,"G8V",943.9,20.13
"HIP 65745",3809,601.077563,"K1III",921.9,5.23
"HD 579674",9206,0.00579,"DA5",562,16.6
"HD 197311",15253,1.099396,"B1V",573.8,10.84
"HD 272097",2943,0.000068,"M9V",581.3,21.4
"WD 6673+876",10294,0.000169,"DA4",658.2,20.59
"HD 184414",17539,1.34623,"B0V",863.9,11.44
"HD 675128",19314,5.900443,"B5V",778.2,9.73
"HD 506105",7388,0.004749,"F2V",703.9,17.32
"HD 899963",2752,0.000084,"M5V",772.1,21.86
"HD 875515",29685,11891.885407,"B0Ia",811.2,1.38
"HD 204296",4258,0.000207,"K7V",752.9,20.97
"HD 254393",4771,0.00068,"K9V",571.1,19.14
"HD 908965",24328,226.541448,"B9III",817.2,6.04
"HD 997274",33486,209053.128757,"O2Ib",368.1,-3
"WD 1693+677",11891,0.001061,"DA4",662.1,18.8
"HD 841530",9005,0.009745,"DA5",398,15.23
"HD 190425",33901,178269.266731,"O4Ia",730.5,-1.74
"HD 890450",25518,389.331151,"B2III",901,5.82
"HD 678378",4460,0.000192,"K3V",977.9,21.55
"HD 756437",11837,0.027474,"B7V",771,15.6
"HD 330540",27929,2424.639389,"B4III",722.6,2.97
"HD 947585",16094,2.183806,"B3V",791.2,10.96
"HD 882713",17230,1.07614,"B2V",290.5,9.49
"HD 577674",2518,0.000131,"M3V",950.4,22
"HD 619494",11644,0.041887,"B9V",824.2,15.64
"HD 729473",4099,0.00049,"K6V",521.6,19.1
"HD 348978",29415,4678.981778,"B5III",629,1.99
"HD 148704",13606,0.181658,"B7V",983,13.96
"HD 258488",5922,0.000643,"G0V",972.7,20.21
"HD 823472",19558,14.375877,"B4IV",861.2,9.12
"WD 1973+787",24940,0.002459,"DA2",315.3,16.39
"HD 545311",3698,0.000219,"M0V",534.2,19.98
"HD 293665",8069,0.006712,"DA6",836.4,17.45
"HD 405429",22424,222.661551,"B9III",323.4,3.88
"TYC 3715-726-1",20501,19568.615613,"B1Ib",771.9,0.96
"HD 336738",16747,1.223658,"B7V",361.4,9.75
"HD 399070",13402,0.111537,"B8V",815.5,14.2
"HD 627386",17871,1.935622,"B9V",175.8,7.61
"HD 353974",21792,135.867442,"B8III",482.9,5.35
"WD 2965+880",19211,0.000694,"DA2",887.8,19.93
"WD 9228+250",21505,0.000396,"DA2",897.8,20.49
"HIP 20469",3851,282.20928,"K9III",666.9,5.04
"HD 743036",26042,780.988906,"B1III",862.7,4.76
"HD 982545",30360,6264.834425,"O6III",864.6,2.45
"HD 334821",7091,0.001033,"F1V",795.3,19.2
"TYC 3608-249-1",6706,169421.984729,"F1Ib",533.4,-2.27
"HD 361893",24893,357.681259,"B5III",707.1,5.17
"HD 657783",2558,0.000226,"M1V",436.9,19.65
"HD 776857",29583,4465.799705,"B7III",813.4,2.7
"HD 495968",10109,0.00341,"DA4",916.8,18.31
"HD 184480",3731,0.000113,"K2V",785.9,21.73
"HD 536408",6505,0.000932,"F4V",812.4,19.38
"HD 476001",12181,0.068788,"B9V",447.3,13.4
"HD 580400",29948,10572.296434,"B9Ia",804.5,1.64
"HD 291155",2861,0.000086,"M0V",964.9,22
"HD 789971",9379,0.006954,"DA5",915.8,17.35
"HD 734928",2851,0.000061,"M4V",624.8,21.79
"HD 285834",21618,18.427915,"B8IV",678.9,8.13
"HD 274064",11466,0.060703,"B2V",894.7,15.21
"HIP 22489",4405,174.581583,"K4III",117.6,1.89
"HD 533879",22684,72.214053,"B4IV",721.4,7.15
"HD 480374",3256,0.000096,"M8V",714.2,21.44
"HD 423354",3640,0.000122,"M6V",776.3,21.36
"HD 645653",3902,0.000295,"K7V",981.4,21.04
"HD 524056",3352,0.000157,"M6V",805.9,21.5
"HD 350840",3042,0.000074,"M7V",652.7,21.58
"HD 607461",31921,63802.053527,"O2Ib",486.4,-1.33
"HD 558962",2734,0.000109,"M3V",833.5,21.76
"HD 306289",3313,0.000219,"M8V",879.3,21.11
"HD 182683",12534,0.10433,"B7V",910.6,14.4
"HD 611264",5044,0.000372,"K5V",806.9,20.3
"HD 795005",4632,0.000155,"K6V",750.2,21.19
"HD 414730",16565,0.916526,"B9V",199,8.65
"HD 731467",10274,0.011963,"B7V",143.5,12.84
"HD 316414",3029,0.000212,"M1V",976.1,21.43
"WD 9704+495",24264,0.000802,"DA2",905.9,19.88
"HD 320191",27016,1791.851262,"B8III",258.6,1.26
"HD 482402",2509,0.000446,"M4V",278.8,17.92
"WD 1475+231",12449,0.000483,"DA4",895.8,20.19
"HIP 20856",4258,283.504295,"K5III",974.9,6.08
"HD 668404",10014,0.011016,"B9V",323.6,14.85
"HIP 83554",4808,1113.187266,"K2III",89.2,-0.62
"HD 216842",11296,0.045937,"B9V",947.3,15.34
"HIP 54089",3813,231.66082,"K1III",972.7,6.2
"HD 276069",11391,0.045169,"B6V",845.6,15.36
"HD 590282",3094,0.000245,"M1V",763.4,20.82
"WD 5363+314",7033,0.000131,"F8V",904.7,21.71
"HD 239545",11616,0.05329,"B0V",880.8,15.24
"HIP 91417",4435,88.060737,"K3IV",822.3,6.97
"HD 598777",24841,352.79066,"B8III",592.8,4.67
"WD 8799+603",14384,0.000274,"DA3",510.4,19.68
"HD 380719",29363,6390.352245,"B1III",888.1,2.46
"HD 988691",2888,0.000504,"M6V",872.9,20.23
"HD 611562",3219,0.000124,"M8V",839.3,21.61
"HD 636762",30828,20051.695949,"O3Ia",572.1,0.4
"HD 978218",2745,0.000261,"M6V",728.1,20.43
"TYC 3476-996-1",9391,68731.18968,"A5Ib",396.3,-1.73
"HD 737849",14694,0.652255,"B2V",886.2,12.49
"HIP 65738",3885,250.917023,"K3III",927.8,6.06
"HD 875656",6520,0.002308,"F1V",766.6,18.47
"HD 378282",13888,0.38999,"B8V",839.8,13.01
"WD 5636+542",17990,0.000407,"DA2",594.9,19.55
"HD 365934",20695,14.632357,"B7IV",544.4,8.1
"HD 492356",23022,139.233636,"B2III",453.2,5.13
"HD 684861",15000,0.536859,"B4V",562.3,11.64
"HD 927761",25468,737.995659,"B7III",602.7,4.02
"HD 521463",2798,0.000123,"M0V",849.1,21.65
"HD 416090",20260,28.811093,"B8IV",707.9,8.02
"HIP 2580",5384,134.787225,"G3III",393.2,4.8
"HD 724084",23391,179.001702,"B2III",351.1,4.36
"WD 8214+473",18556,0.000184,"DA2",515.6,20.08
"WD 3140+113",18606,0.001091,"DA2",862.9,19.34
"HD 391730",29408,11791.17713,"B5Ib",626.7,1.15
"HIP 93295",4055,206.994184,"K8III",670.4,5.8
"HD 455262",31156,17782.654607,"O5Ib",666.7,0.79
"HD 501449",21015,26.921457,"B5IV",660,7.84
"HD 569737",3395,0.000218,"M0V",779.8,20.88
"HD 412360",18604,8.896535,"B1V",991.8,9.98
"HD 375448",15138,0.256781,"B0V",995.1,13.68
"HD 317306",17795,4.635138,"B2V",945.4,10.47
"HD 492126",10197,0.012006,"B2V",65.6,11.04
"HD 240051",27216,1169.858707,"B2III",651,3.71
"HD 645687",9140,0.003874,"DA5",786.3,17.84
"WD 2569+854",11406,0.000961,"DA4",494,18.3
"HD 161100",29878,23651.617429,"B2Ia",809.9,0.96
"HD 862741",25730,612.65729,"B1III",538.7,3.9
"HD 986811",22290,145.707697,"B1III",119.2,2.11
"HD 838669",19936,18.817104,"B4IV",971.1,8.96
"HIP 62073",3190,639.302353,"M5III",656.5,4.47
"HD 654174",16053,0.362169,"B8V",863.2,13.08
"HIP 1034",3894,102.39059,"K1III",995.3,7.32
"HD 851806",8011,0.00266,"DA6",996.1,18.66
"HD 974762",9695,0.020821,"A6V",403.3,14.59
"HD 298018",13476,0.109846,"B9V",518.7,13.43
"HD 872685",13752,0.212077,"B6V",433.8,12.18
"HD 205171",20051,12.222951,"B1IV",450.7,7.76
"HD 431993",31710,25156.363136,"O8Ib",915.1,0.78
"HD 395231",7550,0.002722,"A3V",232.2,15.59
"HD 725595",33857,209991.313047,"O4Ia",903.8,-1.41
"HD 151542",8109,0.002613,"DA6",826.6,18.28
"HD 253459",4943,0.000982,"K1V",343,17.55
"HD 840417",15611,0.258165,"B5V",542.8,12.28
"HD 708565",13180,0.128326,"B7V",879.3,14.18
"HD 380929",6899,0.003942,"F2V",757.3,17.89
"HD 814645",24365,329.980549,"B3III",663.6,4.98
"TYC 5534-916-1",6622,49299.001775,"F1Ib",925.5,0.31
"HIP 48184",4710,1069.348671,"K2III",659.2,3.74
"HD 971568",22171,33.042107,"B2IV",866.5,8.08
"HD 913729",4002,0.000431,"K2V",922.7,20.51
"HD 316776",27458,1728.602354,"B9III",682.3,3.3
"HD 778916",7854,0.005727,"A6V",828.6,17.27
"WD 8963+469",20828,0.000627,"DA2",972.3,20.08
"HD 313850",2529,0.000064,"M9V",257.1,19.79
"HIP 28874",3759,121.494355,"K9III",365.6,4.75
"HIP 71614",3616,173.2559,"M3III",821.4,6.18
"HD 585132",12972,0.108713,"B5V",439.1,12.95
"HD 526481",22874,140.104969,"B6III",530.8,5.54
"WD 2612+335",19798,0.000837,"DA2",879.6,19.58
"HIP 99834",3296,174.879201,"M7III",741.5,6.16
"HD 922292",2834,0.00008,"M7V",907.8,22
"HIP 73905",4294,99.079266,"K8IV",109.2,2.53
"HIP 24119",4500,42.231894,"K6IV",982.5,8.04
"HD 189591",20662,8.192879,"B3V",857.8,9.66
"HD 725772",10391,0.021152,"B9V",805.3,16.07
"HD 162695",9495,0.011732,"A0V",718.1,16.44
"WD 8212+734",23900,0.002028,"DA2",751.5,18.5
"WD 3484+290",8290,0.002809,"DA6",695.8,17.75
"HD 861676",13416,0.11384,"B3V",835.3,14.33
"HD 357818",20596,41.564083,"B5IV",944.5,8.02
"HD 278213",26912,1801.535085,"B3III",676.9,3.17
"HIP 9725",4328,760.892078,"K2III",842.4,4.64
"HD 357791",13541,0.04222,"B6V",709.5,15.07
"HD 965165",6933,0.001959,"F9V",961.8,19.03
"HD 390461",19462,3.998639,"B1V",814.6,10.38
"HD 632902",2950,0.000067,"M9V",485.2,21.26
"HD 311343",3275,0.000212,"M3V",831,21.06
"HD 520492",6472,0.001312,"F2V",999.5,19.56
"HD 567505",11805,0.043169,"B1V",339.2,13.43
"HD 435369",29643,8655.450089,"B7III",321.5,0.1
"HD 497391",3504,0.000195,"M2V",683.2,20.77
"WD 3943+393",17708,0.001059,"DA2",713.5,18.98
"HD 792852",12441,0.114277,"B0V",592.2,13.46
"HD 299728",22562,120.10636,"B6III",958,6.8
"HD 495551",2813,0.000175,"M4V",256.6,18.66
"HD 983505",16658,2.05606,"B8V",364.2,9.42
"HD 766308",11768,0.039212,"B2V",950,15.54
"HD 737482",25592,314.960738,"B6III",975.5,5.9
"HD 231936",34239,92548.942535,"O3Ib",486,-1.69
"HD 780632",27265,1818.521388,"B4III",684.6,3.15
"WD 5773+820",7939,0.000146,"A1V",356.9,19.62
"HD 842786",12338,0.050047,"B1V",661.9,14.51
"HD 865120",12492,0.136889,"B1V",645.3,13.39
"HD 699673",8056,0.002586,"DA6",604.7,17.63
"HD 728148",9356,0.006722,"DA5",739.2,17.3
"HD 851489",4340,0.000272,"K8V",624.4,20.31
"HD 844170",4074,0.000464,"K9V",903.2,20.33
"WD 1488+158",16794,0.000464,"DA3",975,20.57
"HD 270101",8559,0.003582,"DA5",817.9,17.94
"HD 224486",10784,0.018067,"B5V",256.3,13.73
"TYC 1249-374-1",3068,53275.891165,"M0Ib",791.3,-0.06
"HD 288726",20757,20.908288,"B9IV",312.7,6.41
"HD 974455",4545,0.000215,"K2V",486.4,19.89
"HD 967290",28600,8736.982856,"B3III",933.7,2.23
"HD 988951",32975,34944.613315,"O3Ia",714.6,0.22
"HD 630132",33915,219811.676831,"O5Ib",406,-2.86
"HD 925860",12830,0.062621,"B5V",910,15.08
"HD 317513",23073,87.970223,"B2IV",890.7,7.22
"HD 118822",26616,855.928112,"B6III",999.4,4.82
"HD 548311",15007,0.464193,"B3V",475.8,11.68
"HD 662641",3662,0.000084,"M5V",865.2,22
"HD 913535",4054,0.000353,"K1V",635.6,20.06
"HD 556949",12446,0.113462,"B6V",945.9,14.53
"WD 5592+582",13688,0.000493,"DA3",528.2,19.17
"HD 704523",3253,0.000331,"M3V",898.4,20.68
"HD 225588",2502,0.000207,"M1V",435.7,19.73
"HD 144783",9025,0.005695,"DA5",634.3,16.81
"HD 122304",28953,15127.199317,"B1Ia",360.5,-0.51
"HD 859415",24171,141.757583,"B9III",551.8,5.52
"HD 624329",3297,0.000338,"M4V",865.4,20.59
"HD 858566",5704,0.001593,"G1V",474.4,17.64
"HD 328897",6033,0.000601,"F1V",359,18.14
"HD 378890",2556,0.000072,"M2V",710.7,21.97
"HD 832472",17693,0.826068,"B2V",738.8,11.8
"HD 857402",8979,0.011839,"A6V",849,16.75
"HD 208582",3280,0.000194,"M6V",647.7,20.75
"HD 641147",10847,0.014905,"B1V",612.3,15.86
"HD 477462",3514,0.000211,"M3V",863.5,21.26
"HD 439341",15411,0.436437,"B0V",929.8,13.18
"HD 247996",3999,0.000417,"K7V",967.6,20.67
"HD 167194",4688,0.000614,"K4V",785.9,19.85
"HD 604657",27505,1219.141821,"B1III",984.4,4.55
"HD 413651",11420,0.062933,"B9V",662.9,14.29
"HD 177313",5714,0.001141,"G2V",306.8,17.15
"HD 444924",21828,51.835472,"B2IV",760.1,7.37
"HD 188116",34584,106105.079578,"O3Ia",900.4,-0.67
"HIP 108046",3347,85.744416,"M3IV",697.9,6.55
"HD 448223",11046,0.013752,"B1V",690.4,16.07
"HD 223658",20214,36.629076,"B7IV",771.5,7.79
"WD 8675+528",8620,0.001811,"DA5",852.4,18.67
"WD 4801+221",23561,0.002228,"DA2",801.5,18.39
"HD 810845",7423,0.00264,"F6V",899.6,18.52
"HD 243418",12731,0.119457,"B8V",579.1,13.22
"HD 624445",27269,531.268185,"B6III",374.5,3.33
"HIP 117876",3731,86.37665,"K1IV",718.2,6.71
"HD 703776",6209,0.000837,"F8V",934,19.88
"HD 893582",2820,0.000094,"M0V",183.2,18.72
"HD 886582",21942,54.518285,"B4IV",368.9,5.84
"WD 7483+713",6906,0.000226,"F6V",166.5,17.46
"HD 854623",27111,2880.052801,"B3III",505.4,2.16
"HD 782266",3544,0.0002,"M8V",277.2,18.72
"WD 9653+998",20777,0.00118,"DA2",940.6,19.52
"WD 4332+634",13659,0.001445,"DA3",527.5,17.89
"HD 829058",18927,6.093959,"B5V",974.2,10.13
"HD 841843",6457,0.001891,"F3V",891.5,18.94
"HD 377593",28938,2914.092589,"B7III",697.9,2.86
"HD 980902",3291,0.000087,"M3V",720.3,21.78
"HD 660524",8957,0.013124,"A2V",620.5,15.96
"HD 278173",3370,0.000046,"M0V",492.7,21.68
"HD 543024",3442,0.000407,"M6V",718.5,20.19
"HD 192541",4092,0.000143,"K7V",816.1,21.31
"HD 693917",3759,0.000096,"K2V",979.8,22
"HD 953595",8505,0.003924,"DA5",499.8,16.93
"WD 3692+683",10121,0.000719,"DA4",636.5,19.28
"HD 610955",9196,0.008899,"DA5",652.7,16.32
"HIP 94584",4690,406.788577,"K3III",856.6,5.4
"HD 145865",5326,0.000914,"G3V",795.8,19.41
"HD 887479",22756,96.180923,"B9IV",346.2,5
"HD 396117",17982,1.018577,"B7V",577.8,10.93
"HD 757954",27748,6460.321521,"B8III",779.1,2.21
"HIP 54102",4953,258.781448,"K2III",742.5,5.7
"HD 228781",10921,0.051122,"B7V",70.9,9.72
"HD 114703",19691,7.583472,"B1V",548.8,8.92
"HD 836297",2671,0.000092,"M9V",732.8,21.61
"HD 593829",4167,0.00033,"K4V",867.2,20.78
"HIP 66669",4769,689.478817,"K2III",850,4.86
"HD 361841",29655,12528.1329,"B0Ia",809.3,1.58
"WD 7666+621",6411,0.001583,"F0V",487.2,17.62
"HIP 87756",3914,96.311047,"K6IV",769.6,6.78
"HD 648042",2522,0.000195,"M0V",832.8,21.18
"HD 194516",2602,0.000058,"M2V",319.1,20.4
"HD 995252",21735,11.839494,"B3IV",820.2,9.03
"HD 596105",23283,97.244251,"B4IV",685.4,6.56
"HD 113699",3267,0.00013,"M4V",366.2,19.78
"HD 647787",32892,91836.810638,"O7Ia",593.5,-1.2
"WD 9992+372",19826,0.000305,"DA2",759.6,20.36
"HD 331679",26351,1230.759217,"B3III",710.2,3.89
"HD 961293",27960,8220.469765,"B9III",565.1,1
"WD 8420+223",22067,0.000328,"DA2",636.9,20.03
"WD 2678+110",20741,0.000948,"DA2",696,19.2
"HIP 93087",5025,45.984648,"K5IV",885.1,7.87
"HIP 84164",3932,61.080789,"K3IV",926.6,7.51
"TYC 7615-832-1",20166,55609.24038,"B3Ia",701.6,-0.34
"HD 280499",3263,0.000073,"M2V",366.3,20.47
"WD 1933+123",6702,0.006042,"F6V",452.9,16.15
"HD 708577",24588,219.201136,"B4III",995.4,6.51
"HD 421983",24123,106.405769,"B2III",915.3,7.06
"HD 930538",15386,0.587802,"B1V",579.4,11.7
"HD 676385",31959,57862.465864,"O3Ia",695.8,-0.55
"HD 726326",6992,0.002273,"F2V",787.1,18.3
"WD 5434+458",22915,0.000269,"DA2",666.7,20.26
"HD 327741",22425,28.698175,"B8IV",238.4,5.41
"WD 6078+631",15737,0.001115,"DA3",770.6,19.16
"HD 142697",3357,0.000121,"M9V",431.5,20.13
"HD 719900",17151,4.20571,"B8V",649.1,9.84
"HD 328074",19573,20.226829,"B6IV",893.1,8.74
"HIP 85908",5007,209.479784,"K1III",385,4.16
"HD 966352",14986,0.317791,"B3V",637.2,12.69
"HD 731497",28436,2667.535075,"B3III",279.5,1.01
"HD 479600",2642,0.000117,"M8V",810.2,21.64
"HD 478666",4188,0.000566,"K3V",957,20.31
"HD 984172",17533,2.238163,"B9V",653.3,10.48
"HIP 59388",5014,29.337105,"K6IV",860.9,8.49
"WD 2195+112",22913,0.004951,"DA2",817.4,17.77
"WD 7336+652",17957,0.001002,"DA2",963,19.68
"HD 817080",17664,4.690189,"B8V",606.7,9.4
"HIP 6930",3877,284.987186,"K3III",280.4,3.55
"HD 634038",2612,0.000189,"M1V",949.8,21.44
"HD 472513",16495,0.884312,"B0V",240,9.49
"HD 683364",13621,0.2216,"B3V",712.6,13.09
"HD 208531",20612,26.77219,"B1IV",432.6,6.72
"WD 2942+866",12233,0.000539,"DA4",717.6,19.75
"WD 9540+448",13220,0.000439,"DA3",969.7,20.5
"HD 959053",11016,0.023966,"B5V",713.5,15.74
"HD 197291",2778,0.000085,"M9V",786,21.92
"HIP 53812",3410,284.682889,"M3III",352.6,3.93
"HD 582739",11415,0.064499,"B8V",865.5,14.81
"HD 567737",4050,0.000217,"K2V",207.6,17.91
"HD 573599",2511,0.000054,"M5V",987.5,22
"HD 521480",17545,6.069424,"B8V",561.1,9.04
"WD 8158+713",22443,0.000221,"DA2",538.3,20.2
"HD 273663",33041,159998.937322,"O4Ib",649.3,-1.51
"HD 380528",25105,212.204977,"B1III",767.4,5.99
"HD 378082",29455,7344.525515,"B8III",961.7,2.42
"HD 319912",24240,84.359355,"B3IV",788.2,6.88
"HIP 76806",4842,42.586001,"K6IV",891.4,8.14
"HIP 43160",4376,113.782298,"K3III",676.7,6.19
"HD 688877",24527,215.123461,"B1III",833.2,6.22
"HD 484787",27459,2837.942611,"B2III",985,3.72
"HD 894982",15134,0.664628,"B3V",710.5,12.01
"HD 321903",29065,3169.515877,"B2III",953.3,3.28
"HD 119769",8752,0.001794,"DA5",518.5,17.62
"HD 245406",14580,0.361913,"B2V",789.6,12.82
"HD 789488",13726,0.079304,"B3V",929.2,14.79
"HIP 65653",5102,36.109693,"K7IV",937.4,8.4
"HD 215932",25012,522.938158,"B9III",820.6,5
"HD 653578",33325,342269.217021,"O9Ia",997.1,-1.65
"HIP 66143",3154,359.509883,"M7III",679.2,4.96
"HD 597401",11004,0.045495,"B4V",470,13.98
"HD 493364",23599,181.647155,"B6III",569.6,5.36
"WD 3381+885",8951,0.000927,"DA5",909.6,19.43
"HD 847264",7266,0.00309,"F1V",957.7,18.44
"HIP 32190",3316,2342.491541,"M1III",987.5,3.69
"HD 459179",17222,1.592924,"B4V",250.7,8.79
"HD 745481",11682,0.058831,"B7V",609.2,14.24
"HD 185814",2926,0.000829,"M8V",712.3,19.23
"WD 5581+428",10806,0.00281,"DA4",845.7,18.3
"HD 394916",28104,2264.950649,"B3III",848.3,3.4
"HD 526102",29123,5305.749727,"B5III",102.3,-1.79
"WD 5401+393",19052,0.000252,"DA2",480.5,19.62
"HD 460095",6219,0.001683,"F6V",905.7,19.02
"HD 383408",4614,0.000642,"K9V",640.9,19.42
"HD 105471",18952,15.95441,"B0IV",285.4,6.57
"HD 971685",7446,0.001938,"F4V",384.3,16.94
"HD 436097",20307,24.190452,"B2IV",719.9,8.1
"HD 480022",15715,0.534051,"B3V",342.2,10.51
"HD 340991",7080,0.00322,"F5V",858.8,18.03
"HD 919458",19837,22.797977,"B0IV",884.6,8.6
"HD 662809",12082,0.106241,"B6V",431.9,12.8
"HD 576282",5183,0.000324,"K4V",66.3,15.34
"HD 882551",12217,0.093372,"B3V",866.5,14.46
"TYC 4870-172-1",23267,124130.386708,"B7Ia",507.5,-2.03
"HIP 57396",3601,189.992326,"M7III",646.1,5.67
"HD 873899",13208,0.105699,"B7V",852.4,14.58
"HD 111297",10267,0.034275,"B1V",724.8,15.26
"HIP 93215",3368,221.854871,"M9III",946,6.27
"HD 169251",6375,0.001861,"F3V",488.1,17.53
"HD 926468",7568,0.001342,"A4V",764.2,18.83
"HD 120257",2512,0.000078,"M1V",875.4,22
"HD 540785",20482,17.123947,"B3IV",564.4,8.04
"HIP 89309",3522,142.961589,"M0III",921.1,6.82
"HD 669487",29775,14807.557441,"B5Ia",629.2,1.08
"TYC 4460-384-1",17872,47023.32997,"B4Ia",319,-1.83
"WD 6643+694",12209,0.00074,"DA4",893.3,19.9
"HD 962707",32854,116529.702635,"O2Ib",759.7,-1.02
"HD 945769",30817,27582.34853,"O5Ia",153.9,-2.87
"HD 152923",4761,0.000774,"K5V",931.8,19.64
"HIP 29724",4174,139.074139,"K1III",530.4,5.41
"HD 267669",12341,0.047446,"B7V",803.4,15.19
"HD 272831",28819,4087.074816,"B4III",575.4,2.06
"HD 317505",9189,0.010955,"A2V",546.2,15.77
"HD 777417",6085,0.001879,"F8V",941.4,19.03
"HD 941051",6030,0.001107,"F9V",391.6,17.62
"HD 443434",9066,0.008296,"DA5",559.5,16.11
"HD 623539",28346,3544.018358,"B5III",654.2,2.59
"HD 702107",7947,0.005705,"A9V",713.1,17.18
"HIP 69379",4386,437.49227,"K7III",646.8,4.62
"HD 247824",3843,0.000229,"K7V",816.3,21.09
"TYC 6215-612-1",5959,13490.029049,"G2Ib",849.2,1.63
"HD 576851",10876,0.008293,"DA4",768.6,16.91
"HD 798529",34661,298250.772733,"O4Ia",666.7,-2.26
"HD 328841",18031,7.672346,"B6V",697.3,9.25
"HIP 58972",3565,52.66364,"M8IV",468,6.27
"TYC 9909-612-1",9692,48464.76199,"A9Ib",998.7,0.7
"HD 153848",8797,0.009165,"DA5",618.5,16.47
"HD 812848",7411,0.002458,"F4V",510.7,17.41
"HD 985907",6345,0.000887,"F6V",950,19.81
"HD 652431",28008,4595.964686,"B9III",840.8,2.8
"HD 127988",5536,0.00082,"G9V",897.7,19.86
"HD 627184",11365,0.066547,"B6V",908.2,14.91
"HD 558183",6947,0.00064,"F8V",323.9,17.68
"WD 1257+895",19903,0.00036,"DA2",713.7,20.16
"HD 401737",4633,0.000432,"K7V",370.3,18.57
"HD 444235",9657,0.016817,"A5V",861.7,16.53
"HD 998153",19944,5.449942,"B2V",634.6,9.38
"HD 150220",5764,0.000677,"G2V",941.2,19.92
"HD 700701",2501,0.000046,"M7V",533.3,21.79
"HD 610727",34738,318933.252107,"O5Ib",44.8,-3
"HD 854749",3067,0.000128,"M9V",733.7,21.28
"HD 614185",11889,0.071105,"B9V",946.1,14.96
"HD 461817",4318,0.000435,"K6V",491.8,19.22
"HD 760932",16336,1.085283,"B5V",542.6,11.06
"HD 320170",4671,0.000279,"K4V",941.1,20.96
"HD 861838",2969,0.000187,"M3V",927.3,21.63
"HD 735008",15854,0.675911,"B8V",264.3,9.67
"HIP 117862",3656,272.857514,"M2III",897.3,5.96
"HD 955652",32607,134517.673904,"O7Ia",234.2,-3
"HD 554884",16683,0.557231,"B5V",821.8,12.24
"HD 198161",24502,405.525253,"B5III",302.7,3.1
"HD 959365",2818,0.000092,"M7V",307.1,19.65
"WD 3975+697",9631,0.001266,"DA5",148.7,15.45
"HD 922315",21291,22.619237,"B3IV",976.8,8.87
"HD 911534",3239,0.000353,"M4V",919.2,20.59
"HIP 61791",3452,844.842458,"M6III",328,2.74
"HIP 100487",4137,132.35828,"K7III",551,5.54
"HD 170852",22948,52.342626,"B2IV",767.8,7.56
"HD 806657",4895,0.001933,"K7V",431.9,17.13
"HD 958185",29186,26590.606632,"B9Ia",389.2,-0.85
"HD 127333",3409,0.000104,"M2V",487.3,20.82
"HD 547349",25883,648.864549,"B0III",721.9,4.54
"HD 288989",6842,0.001906,"F8V",932.6,18.88
"HD 713466",4855,0.000183,"K8V",538.5,20.44
"HIP 75499",4612,74.600575,"K1IV",722.5,6.81
"HD 633568",4478,0.00116,"K7V",666.4,18.79
"HIP 47467",4919,372.19113,"K7III",981.9,5.64
"HD 514548",25926,674.556591,"B5III",705.4,4.4
"HD 208939",14147,0.102235,"B0V",426.1,12.88
"HD 591559",12272,0.069523,"B5V",722.7,14.44
"HD 598505",31676,38915.020144,"O8Ib",558.7,-0.53
"HD 339747",2844,0.000053,"M1V",565.3,21.62
"HD 231203",26211,1003.15449,"B1III",779.7,4.23
"WD 1342+933",16646,0.001347,"DA3",993.3,19.42
"WD 5048+443",12921,0.000423,"DA3",136.1,16.35
"HD 865907",2524,0.000053,"M7V",923.1,22
"HIP 116496",4750,278.174025,"K5III",459.9,4.36
"HD 775476",4821,0.001073,"K7V",342.2,17.41
"HD 203397",5424,0.000365,"G9V",350.5,18.56
"HD 392701",2505,0.000098,"M0V",802.7,21.76
"HD 189239",8218,0.001122,"DA6",839.2,19.26
"HD 771217",31295,53033.875052,"O9Ia",547.2,-0.89
"HD 497440",2814,0.000155,"M0V",369.5,19.74
"HD 138698",3586,0.000191,"M4V",482.1,19.92
"HD 172076",21132,40.874782,"B6IV",996.8,8.17
"HIP 9919",3938,239.227567,"K6III",754.5,5.65
"WD 2553+205",15509,0.000093,"DA3",85.2,17.08
"HD 733156",8875,0.00489,"DA5",664.1,16.98
"HD 347725",14548,0.529224,"B5V",973.2,13.07
"HD 134597",23657,175.371609,"B7III",770.8,6.13
"HD 925501",8164,0.002998,"DA6",746.2,18.09
"HD 153085",2587,0.000094,"M8V",940.6,22
"WD 8985+683",22421,0.001135,"DA2",325.6,17.24
"HD 593152",34317,170808.854889,"O5Ib",899.2,-0.99
"HD 954789",31488,16969.435735,"O7Ib",865,1.46
"HD 490989",28280,2126.47143,"B0III",988.6,3.93
"HIP 80747",3872,152.993915,"K9III",783.3,6.3
"HD 244189",21963,47.757835,"B9IV",311.2,5.52
"HD 210444",3119,0.000057,"M2V",954.3,22
"HD 964924",19080,7.639096,"B4V",733.7,9.44
"HD 483206",18645,13.431779,"B2IV",203.6,6.03
"HD 300251",19866,6.710039,"B6V",167.7,6.21
"HD 796421",8492,0.009633,"DA5",942.1,16.94
"HD 261037",16600,1.117478,"B2V",494.7,10.6
"HD 899449",20715,5.685601,"B8V",332.7,7.86
"HD 467571",3043,0.000105,"M9V",164.9,18.15
"HD 784894",18600,5.719036,"B1V",712.1,9.58
"HD 328469",6823,0.002015,"F8V",145,14.92
"HD 147489",30211,20601.06257,"O5Ib",506.7,0.16
"HD 299110",21580,53.530163,"B1IV",802,7.55
"HD 312478",27402,1342.688841,"B8III",473.8,2.86
"HD 296580",30701,30206.14223,"O9Ia",993.1,1.02
"HD 129736",25902,696.458395,"B3III",739.7,4.27
"HD 140402",3803,0.000373,"K4V",527.3,19.53
"WD 4762+224",15867,0.000444,"DA3",454.4,18.9
"HD 882868",33661,103140.465284,"O1Ia",562,-1.45
"HD 168723",5089,0.001031,"K7V",905,19.61
"HD 913584",12047,0.113623,"B6V",351.8,12.37
"HD 573392",30914,25371.264042,"O8Ia",524.5,-0.14
"HD 316639",2502,0.000101,"M3V",970.9,22
"HD 897339",16222,0.605086,"B7V",905.8,12.59
"HD 513608",32301,29432.694649,"O2Ib",130.7,-3
"HD 501974",21103,11.45396,"B7IV",615.3,8.45
"HD 872122",3382,0.000661,"M3V",547.7,18.84
"HD 418317",28468,6449.056571,"B5III",145,-1.53
"TYC 7309-332-1",9519,33805.726046,"A7Ia",400.3,-1
"HD 911754",24876,473.756263,"B1III",717.8,4.79
"HD 159018",8823,0.003283,"DA5",523.7,17.09
"HD 107421",7592,0.001734,"A0V",363.8,16.91
"WD 1653+104",23098,0.000948,"DA2",692,18.99
"HD 292337",28130,3274.442843,"B0III",868.9,3.19
"HD 126690",2937,0.000049,"M1V",917.3,22
"HD 969099",5036,0.000544,"K6V",766.7,19.81
"HD 416521",7603,0.005155,"A7V",316.3,15.48
"HD 554866",28213,5950.541716,"B1III",804.3,2.25
"HD 396107",21677,23.117586,"B7IV",775.7,8.33
"HD 831345",11831,0.057207,"B0V",176.3,11.63
"WD 9992+352",16611,0.000122,"DA3",863.6,21.72
"HD 175543",5877,0.001378,"G4V",524.7,17.96
"HD 124425",28569,1651.187046,"B4III",475.2,2.64
"WD 7016+792",21325,0.000746,"DA2",927.2,19.9
"WD 5459+739",7477,0.000473,"F5V",885.2,20.53
"HD 180711",30203,12097.992812,"O7Ia",770.1,1.6
"HD 657505",3875,0.000362,"K5V",642.4,19.96
"HIP 48926",4901,311.044787,"K4III",362,3.73
"HD 377167",3111,0.000127,"M2V",454.8,20.28
"HD 331199",7680,0.002657,"A4V",503.6,17.19
"HD 305652",15405,0.444679,"B1V",319.3,10.68
"HIP 84020",4324,75.183258,"K6IV",435.7,5.68
"HD 373739",32655,54414.444995,"O5Ib",739.6,-0.3
"HD 771402",27206,1402.625939,"B6III",978.4,4.16
"HD 249948",16519,2.072233,"B8V",631.9,10.46
"HD 761016",5055,0.000354,"K1V",480.1,19.43
"HD 297682",8190,0.003681,"DA6",345.9,15.95
"WD 4356+819",12932,0.000737,"DA3",805,19.7
"HD 354838",2514,0.000215,"M4V",294.3,18.91
"HIP 15867",3329,89.244199,"M8IV",794.2,6.9
"HD 683480",24192,241.074964,"B9III",736.1,5.74
"HD 498984",5084,0.000279,"K3V",289.4,18.48
"HIP 54752",3000,132.063148,"M3III",655.5,6.13
"HD 732886",3398,0.000175,"M3V",723.3,20.76
"HD 656270",20019,23.37365,"B7IV",857.7,8.49
"HD 121254",2870,0.000145,"M3V",526.7,20.54
"HD 225130",16055,1.359212,"B6V",773.7,11.47
"HD 679010",4510,0.000382,"K2V",718.2,20.09
"HD 573588",7407,0.002104,"F0V",695.8,18.27
"HD 802356",8801,0.007358,"DA5",153.4,13.5
"WD 4261+932",19948,0.000695,"DA2",763.9,19.54
"HD 459502",6809,0.000876,"F2V",587.7,18.94
"HIP 14546",5469,30.629592,"G4IV",269.8,5.71
"HD 733778",8913,0.009025,"DA5",927.6,17.22
"HD 999496",27957,7378.301703,"B6III",712.2,1.93
"HD 698072",7283,0.003319,"F2V",927,18.43
"HD 806385",3062,0.000102,"M3V",426.5,20.22
"HD 566918",5833,0.001034,"G5V",853.2,19.46
"HD 715070",13311,0.132007,"B0V",864.3,14.12
"HIP 105853",4638,97.958859,"K2IV",809.5,6.93
"HD 735941",18126,2.732716,"B0V",186.8,7.49
"HIP 80929",4621,81.593359,"K1IV",306.7,4.93
"HD 359307",28692,3971.066891,"B0III",264.1,0.45
"WD 8258+325",22594,0.002914,"DA2",278.3,15.78
"HD 615395",22093,121.974657,"B0III",86,1.72
"TYC 4890-660-1",14006,83856.205693,"B5Ib",937.7,-0.21
"HD 333247",29994,13283.841142,"B7Ia",890.3,1.55
"HD 776768",10827,0.024017,"B2V",694.5,15.38
"HD 661281",12779,0.118166,"B0V",863.5,14.15
"WD 1578+857",6718,0.000196,"F2V",487.9,19.92
"HIP 64492",3928,104.087498,"K7III",434,5.39
"HD 725986",31778,27192.431759,"O5Ia",331.6,-1.38
"HD 968910",3425,0.000292,"M9V",517.7,19.7
"HD 325104",34392,187800.34975,"O5Ib",947.6,-1.02
"HD 470669",5339,0.000634,"G6V",689.6,19.34
"HD 447487",7832,0.002957,"A0V",813.6,18.27
"HD 701070",4755,0.000361,"K9V",785.1,20.53
"HIP 30354",3952,86.7957,"K5IV",374.7,5.22
"HD 178631",31627,129435.715102,"O4Ib",805.6,-1.08
"HD 335083",7330,0.002392,"F8V",806.9,18.45
"HD 688962",32923,108695.692636,"O0Ia",765.6,-0.86
"HIP 53698",4731,48.136087,"K4IV",161.6,4.19
"HD 888690",18961,8.219311,"B6V",763,9.47
"HD 965058",20885,45.034893,"B7IV",633.6,7.05
"HIP 93929",4672,396.738132,"K7III",414,4
"HD 253222",2537,0.000047,"M5V",935.4,22
"HD 550815",2502,0.000205,"M1V",565.5,20.26
"WD 3252+640",16137,0.001864,"DA3",840.1,18.7
"HD 265654",2916,0.000015,"M0V",794.5,22
"HIP 62338",3503,107.456169,"M1III",375.7,5.17
"HD 539025",4213,0.00036,"K1V",747.3,20.24
"HD 997851",6059,0.001229,"F5V",968.2,19.45
"HD 881880",5291,0.000516,"G2V",628.7,19.49
"HD 455421",8591,0.00698,"DA5",842.1,17.13
"HD 256132",27606,3343.092996,"B7III",713,2.63
"HD 629809",14961,0.27601,"B3V",913.3,13.45
"HD 619582",3474,0.000125,"M1V",597.5,20.93
"HD 350258",33398,151473.333477,"O8Ia",219.6,-3
"HD 455544",3068,0.000129,"M8V",119.3,17.31
"HD 800581",10057,0.005348,"DA5",668.9,16.96
"HD 568483",2517,0.000108,"M4V",352.1,19.77
"TYC 1143-707-1",13875,141207.892019,"B8Ib",681.5,-1.43
"HD 395859",2618,0.000092,"M4V",919.6,22
"WD 1725+589",7209,0.000302,"F5V",624.1,20.03
"HD 921937",3520,0.000189,"M7V",789.2,21.07
"HD 543561",2505,0.000147,"M3V",899.1,21.51
"HD 354465",7629,0.002062,"A9V",263.9,15.89
"HD 753058",6709,0.001035,"F8V",760.7,19.1
"WD 3120+184",16640,0.000243,"DA3",806.4,20.77
"HD 412992",34815,358142.474772,"O0Ia",664.1,-2.44
"HD 609880",3167,0.000209,"M6V",799.8,21.05
"HIP 11416",3825,56.198869,"K8IV",705,7.11
"HD 528524",20526,36.193524,"B7IV",138.4,4.07
"WD 5804+487",22016,0.000441,"DA2",991.9,20.54
"HD 275497",34590,311441.302472,"O0Ib",708,-2.12
"HD 844034",17750,1.187872,"B2V",882.4,11.87
"HD 157611",6031,0.000754,"F4V",547.7,18.64
"WD 6549+139",8805,0.001244,"DA5",544.4,18.21
"HIP 8141",4035,50.814313,"K3IV",481.6,6.38
"WD 8468+454",7317,0.000218,"F4V",678.5,20.57
"HD 987798",34888,353281.375326,"O2Ia",338.7,-3
"WD 3633+779",7620,0.00027,"A9V",659.6,20.35
"HD 974826",29068,3915.593423,"B9III",860,3.11
"HD 364663",9389,0.004448,"DA5",990.5,18.17
"HD 417371",22611,121.009567,"B1III",584.5,5.81
"HD 598966",23943,192.938402,"B9III",363.6,4.29
"HD 962764",4533,0.001038,"K4V",767.6,19.15
"HD 578977",23634,74.369079,"B8IV",587.5,6.5
"HIP 96867",4998,81.775378,"K9IV",353.6,5.32
"HD 271609",18149,9.836391,"B7V",712.9,8.85
"HD 918613",5376,0.000412,"G5V",371.7,18.74
"HD 469279",13780,0.121253,"B6V",523,13.02
"WD 5889+853",16354,0.000208,"DA3",681.8,20.66
"HIP 105674",4304,28.512311,"K6IV",643.4,7.74
"HD 598721",4333,0.000251,"K6V",769.4,20.7
"HD 351133",34538,292624.601539,"O9Ia",780.8,-1.93
"HD 924814",21803,21.008291,"B0IV",633.9,7.94
"HD 532431",5461,0.000939,"G5V",192.6,16.21
"HD 170939",11288,0.0215,"B9V",600.1,15.24
"HD 734080",2763,0.00014,"M7V",932.9,21.77
"HD 890119",6756,0.003814,"F4V",505.6,16.85
"HIP 93120",4448,543.635634,"K5III",590.5,4.31
"HD 644155",11308,0.01888,"B3V",427.3,14.63
"HD 739902",29621,5546.220814,"B9III",714,2.27
"HD 824760",10508,0.034234,"B4V",810.1,15.24
"HD 984785",22944,71.566527,"B9IV",831.3,7.03
"WD 1892+511",7033,0.001579,"F4V",446.1,17.38
"HD 684699",18072,1.805315,"B6V",999.7,11.64
"HD 871620",2841,0.000087,"M8V",867,22
"HD 381100",16292,0.794586,"B6V",403.8,10.61
"HD 497057",9635,0.013299,"A3V",228.9,13.69
"HD 191079",16342,0.898319,"B9V",833.8,12
"HD 579002",16732,2.252249,"B4V",800.2,10.93
"HD 705241",26721,1889.444852,"B3III",571.8,2.85
"HD 600812",3436,0.000092,"M8V",622.3,21.23
"HD 196630",3014,0.000108,"M1V",797.1,21.71
"HIP 54822",3627,494.341572,"M9III",895.6,5.38
"WD 5476+204",10129,0.000344,"DA4",975.4,20.88
"HD 763052",8002,0.002066,"DA6",414.5,17.07
"HD 863613",2501,0.000105,"M7V",892.7,22
"HD 578775",15495,1.098738,"B1V",777.8,11.62
"HD 436845",2798,0.000132,"M7V",634.8,21
"WD 1590+849",6407,0.000342,"F9V",723.7,20.11
"HD 696467",12084,0.096876,"B2V",572.9,13.61
"HD 989256",13160,0.215563,"B4V",787.6,13.36
"HD 753872",31656,36774.242684,"O4Ib",538.4,-0.67
"HIP 87821",4916,165.04943,"K3III",339.7,4.38
"HD 399535",29843,18217.427995,"B9Ib",996.9,1.58
"HD 240155",15729,0.625946,"B1V",210.4,9.34
"HD 586254",16303,0.925927,"B7V",533.2,10.83
"HIP 75849",4289,156.016942,"K0III",389.2,4.81
"WD 5158+385",24875,0.000605,"DA2",733.8,19.62
"HD 196301",2503,0.000067,"M3V",942.6,22
"HD 767939",10617,0.018339,"B1V",892.1,16.41
"HD 146624",6191,0.001401,"F8V",706.6,18.65
"HIP 118647",4630,112.532672,"K3III",670.4,6.22
"HIP 57215",3983,80.781295,"K1IV",961.4,7.4
"HD 166065",2866,0.000025,"M6V",534.8,22
"WD 8371+482",12562,0.000408,"DA4",559.7,19.41
"HIP 108142",4219,918.118344,"K3III",436.5,3.05
"HD 465279",16929,0.687442,"B0V",878,12.18
"WD 8962+528",7608,0.000248,"A2V",926.4,20.97
"HD 966588",23079,69.424406,"B3IV",803.6,7.28
"HIP 113256",4055,111.734791,"K7III",424,5.35
"HD 261467",7255,0.002785,"F3V",939.1,18.43
"HD 552663",13443,0.134457,"B5V",668,13.61
"TYC 8754-993-1",24892,76844.335313,"B2Ib",584.5,-1.13
"HD 611780",12414,0.055404,"B8V",538.7,14.08
"HD 108514",14233,0.656478,"B6V",535.7,11.29
"HD 351648",8073,0.00862,"DA6",262.2,14.47
"HD 730409",12315,0.11696,"B0V",899.6,14.49
"HIP 98107",4654,170.753859,"K3III",229,3.39
"HD 843077",12645,0.084291,"B2V",785.6,14.49
"HD 154245",3300,0.000125,"M4V",908.2,21.85
"HD 566859",6681,0.001741,"F9V",314.8,16.68
"HIP 38265",3865,262.100498,"K3III",839.1,5.83
"WD 9493+617",15978,0.000601,"DA3",911.6,20.22
"HIP 93302",4264,60.977444,"K8IV",503.3,6.19
"HD 374841",8344,0.006647,"DA6",503.8,16.1
"HD 280485",8977,0.004437,"DA5",874,17.86
"HD 535439",2847,0.000278,"M9V",557.6,20.1
"HD 371138",5043,0.001006,"K3V",937.8,19.82
"HD 297516",34636,345909.660972,"O1Ia",186.5,-3
"HD 880368",11287,0.044977,"B6V",620.5,14.52
"HD 445035",34491,213889.639438,"O3Ib",343,-3
"HD 133961",15600,0.258809,"B5V",743,13.03
"HD 806854",23551,210.528236,"B5III",777.6,5.8
"WD 2164+162",21661,0.000377,"DA2",610.6,19.91
"HD 885295",4600,0.000488,"K7V",285.9,17.76
"HD 942624",15714,1.044128,"B6V",748.1,11.56
"WD 7680+391",17418,0.00192,"DA2",711.8,18.18
"WD 8827+422",22600,0.003051,"DA2",529.8,17.21
"HD 410811",7326,0.002426,"F1V",474.3,17.18
"HD 952457",3541,0.000257,"M4V",788.7,20.74
"HIP 38613",4389,149.553058,"K7III",700.4,6.02
"HIP 46427",4066,116.693766,"K7III",414.4,5.24
"HD 347369",10526,0.013433,"B8V",645.2,15.84
"HD 489655",5138,0.001535,"K1V",897.4,18.88
"HD 713297",7040,0.001341,"F6V",408.7,17.5
"HD 905256",3944,0.000338,"K9V",301.5,18.29
"HD 222744",34702,320646.426967,"O5Ib",327.2,-3
"HD 452916",30804,25833.135846,"O6Ia",662.7,0.23
"HD 841984",18856,5.390743,"B9V",834.9,10.07
"WD 5438+108",20646,0.001303,"DA2",196.3,15.84
"HIP 8697",4605,45.347268,"K7IV",404.6,6.22
"HD 479274",11329,0.034464,"B1V",819.8,15.44
"HD 725243",19003,12.002994,"B1IV",656.8,8.74
"HIP 118234",3482,179.465595,"M2III",691.6,5.78
"HD 124705",15237,0.43601,"B1V",487.9,11.66
"HD 607278",8284,0.002167,"DA6",642.8,17.88
"HD 665384",9371,0.016142,"A3V",932.5,16.53
"TYC 3336-247-1",6852,25401.013128,"F7Ib",948.1,1.05
"HD 856162",12432,0.05815,"B8V",878.2,15.07
"HD 169876",2512,0.000237,"M7V",985,21.34
"HD 364401",5533,0.001343,"G7V",844.4,19.24
"HD 600867",32169,151027.937844,"O0Ib",594.8,-1.72
"WD 9554+696",19522,0.005136,"DA2",637.5,17.01
"HD 467256",8511,0.006987,"DA5",973.2,17.42
"HD 559075",2980,0.000116,"M1V",291.1,19.35
"HD 285737",4401,0.001019,"K8V",987.2,19.75
"HD 552832",24052,377.335646,"B6III",875.2,5.6
"HD 871604",18623,3.195966,"B2V",810.2,10.54
"HD 635720",4124,0.000493,"K1V",651.4,19.57
"HD 262035",5979,0.00092,"G7V",903.5,19.64
"HIP 29988",4844,354.187002,"K8III",859.5,5.68
"HD 255342",3340,0.000452,"M6V",950.3,20.6
"HD 596312",21117,10.217131,"B2IV",809.4,9.19
"HIP 85305",4109,149.385051,"K4III",983.5,6.73
"WD 9209+627",22773,0.000223,"DA2",319.5,18.83
"HD 192441",13548,0.489424,"B9V",885,12.7
"HD 640028",4906,0.000812,"K6V",837.9,19.62
"HD 415677",5889,0.000526,"G7V",288.1,17.72
"HD 460188",8684,0.003057,"DA5",775.3,17.82
"HD 153894",2956,0.000106,"M2V",853.3,21.91
"HD 974559",3490,0.000235,"M8V",454.8,19.67
"HD 731143",2930,0.000089,"M0V",982.9,22
"HD 915278",25893,468.807876,"B3III",749.9,4.84
"HD 376446",9066,0.01609,"A7V",195.8,13.15
"HD 237165",31375,50579.136762,"O8Ib",175.5,-3
"TYC 6766-761-1",11416,139111.049797,"B7Ia",720.5,-1.33
"HD 306956",8345,0.008892,"DA6",309.3,14.94
"HD 946718",30095,12651.597966,"O1Ib",301.7,-0.51
"HD 494765",5416,0.000589,"G7V",937.6,20.26
"HD 506792",29286,9049.085612,"B2III",877.5,2.17
"HD 984553",9789,0.015514,"A9V",603.6,15.74
"HD 598842",5489,0.000885,"G9V",756,19.4
"HD 896402",5368,0.0007,"G9V",326.2,17.54
"HIP 93184",4699,205.74616,"K8III",736.1,5.76
"HD 745048",8093,0.01935,"A8V",971.3,16.4
"HD 343577",18968,3.399039,"B0V",846.4,10.61
"HD 731539",33776,69098.466741,"O8Ib",706.8,-0.72
"WD 9593+649",20340,0.001039,"DA2",351.9,17.56
"HD 555579",8597,0.004855,"DA5",533.6,16.82
"HD 153593",4784,0.000188,"K3V",772.2,20.85
"HD 816431",19627,12.627203,"B5IV",730.5,8.95
"HD 750490",30130,21566.348727,"O1Ib",839.9,0.92
"HD 482728",27840,2025.635221,"B6III",552.8,2.69
"HD 466745",5582,0.002674,"G8V",884.4,18.43
"HIP 85521",4025,68.205597,"K0IV",605.4,6.42
"WD 2986+899",10936,0.000391,"DA4",502.4,19.41
"TYC 2673-656-1",15137,193784.043526,"B5Ia",667.1,-1.76
"HD 943111",6849,0.001967,"F0V",776.9,18.59
"HD 747976",27436,1414.166497,"B4III",792.8,3.97
"HD 632133",7515,0.003444,"A6V",878.4,17.98
"WD 7411+119",23406,0.000188,"DA2",850.4,21.24
"HD 820411",16256,0.364235,"B6V",575.7,12.18
"HD 118943",33016,114022.561136,"O1Ib",803,-0.84
"HD 408018",26243,685.860791,"B6III",492.8,3.68
"HIP 9248",3553,67.932911,"M1IV",494.7,6.2
"HD 725053",14781,0.283725,"B1V",647.2,12.64
"HD 584005",9816,0.005177,"DA5",705.5,17.35
"HD 905465",30498,46391.821456,"O7Ib",758.6,-0.14
"HIP 86718",3000,141.131312,"M6III",980.2,6.74
"HD 200710",23186,41.785663,"B8IV",892.9,7.94
"HD 290140",5400,0.00104,"G3V",727.4,19
"HD 177638",8582,0.004717,"DA5",701.6,17.25
"WD 4376+679",16854,0.000258,"DA2",668.6,20.31
"HD 813458",29516,9482.821763,"B3III",300.7,-0.37
"WD 3508+459",9039,0.000061,"DA5",334,20.4
"HD 895468",7091,0.004039,"F2V",555.3,17.03
"HD 346282",8627,0.00347,"DA5",862.1,18.13
"HD 358817",3588,0.000153,"M0V",664.9,20.73
"HD 374936",6964,0.002427,"F5V",997.6,19.01
"TYC 9539-583-1",9546,34970.860702,"A6Ib",680.8,0.15
"HD 744794",33453,46263.361178,"O6Ib",856.7,0.19
"HD 300856",31033,14616.959389,"O3Ia",640.6,0.72
"HD 547651",30085,6484.643153,"O5III",405.6,0.71
"HD 876656",29604,13637.822484,"B3Ia",452.4,0.23
"HD 208032",2531,0.000041,"M1V",981.6,22
"HD 461095",2501,0.000058,"M4V",825.2,22
"TYC 5825-571-1",14256,49890.535548,"B5Ib",683.6,-0.08
"HD 243044",10695,0.027789,"B2V",811.8,15.68
"HD 108988",32757,65795.204164,"O3Ib",991.7,0.02
"HD 919940",32528,60168.1808,"O1Ia",241.6,-2.73
"HD 283459",6515,0.001012,"F5V",868.9,19.38
"HD 376832",19438,6.18888,"B2V",974.3,10.21
"HD 921727",30800,13897.669864,"O0Ia",779.9,1.37
"HD 597386",16934,2.322561,"B9V",588.2,10.23
"HD 111466",21864,18.172723,"B3IV",501.9,7.66
"HD 472539",2776,0.000117,"M1V",344,19.56
"HD 977527",2696,0.000225,"M0V",754.2,20.66
"HD 990565",26478,483.572449,"B5III",770.5,4.81
"HD 642810",17342,1.726026,"B8V",400.2,9.73
"HD 358716",5884,0.000639,"G1V",934.7,20.06
"HIP 107806",5001,143.445049,"K5III",496,5.43
"HD 327955",16219,3.513489,"B0V",957,10.89
"HD 856464",13349,0.143769,"B7V",534.9,12.78
"HIP 18347",3000,67.283555,"M6IV",942.8,7.55
"HD 484659",12600,0.112051,"B4V",615.9,13.51
"HD 775154",2616,0.000123,"M7V",946,21.97
"HIP 72803",4424,142.123281,"K6III",279.9,4.19
"HD 363124",9515,0.010545,"A2V",502.3,15.7
"HD 514683",3263,0.000224,"M2V",520,19.93
"HIP 46906",5203,958.207218,"G5III",234.6,1.8
"HD 561720",4617,0.00044,"K0V",731.1,19.94
"HD 827908",15047,0.511239,"B9V",475.3,11.35
"HD 831959",3639,0.000586,"M1V",824.2,19.92
"HD 119781",28368,2431.663702,"B0III",897.8,3.84
"HD 593053",24535,468.48331,"B8III",726.6,4.95
"HD 104097",2590,0.000061,"M3V",795.7,22
"HD 973699",9980,0.016885,"A1V",280.8,14
"HD 292918",3777,0.000145,"K6V",887.8,21.54
"HD 725337",10137,0.019506,"B4V",499.5,14.99
"HD 385509",3502,0.000052,"M1V",534.9,21.55
"HD 897866",4069,0.00039,"K3V",770.9,20.06
"HD 953468",5201,0.001399,"G8V",970.7,19.27
"HD 723451",27670,2642.557861,"B8III",932,3.58
"WD 8429+211",18641,0.00032,"DA2",397.8,18.99
"HD 169261",2506,0.000077,"M1V",379.7,20.44
"HD 747451",9750,0.013824,"A3V",677.3,16.24
"HD 255009",24387,117.764632,"B0III",608,6.05
"HD 987646",3547,0.000577,"M2V",990.6,20.46
"TYC 2356-132-1",4278,176855.48928,"K7Ib",745.5,-1.45
"HD 844946",22416,90.28805,"B3IV",945.8,7.22
"HD 936421",28117,1741.732598,"B4III",913.1,4.02
"HD 517372",20810,20.215304,"B5IV",874.1,8.86
"HIP 104413",5209,35.774996,"G9IV",914.8,8.26
"HIP 27758",4717,152.532,"K1III",566.3,5.6
"HD 136232",32927,34295.511747,"O9Ib",639.5,-0.12
"HD 367222",20447,44.450778,"B0IV",876.6,7.9
"TYC 1395-294-1",17281,48549.544204,"B4Ia",945.5,0.46
"HD 272262",8193,0.003983,"DA6",902.1,17.99
"TYC 6333-238-1",3786,76455.332382,"K0Ib",559.7,-1.19
"HD 918243",6379,0.002839,"F2V",188.2,15.11
"HD 584984",33209,157761.742976,"O2Ia",916.7,-1.01
"HD 113211",5086,0.000613,"K9V",491.4,18.84
"HD 326304",21037,13.669819,"B1IV",905,9.14
"HIP 99801",4778,161.682648,"K9III",690.3,6.01
"HD 382328",23893,132.230416,"B8III",819.2,6.47
"HD 476544",28377,999.975807,"B4III",793.8,4.22
"HIP 59618",3023,232.088582,"M5III",931.9,6.03
"HD 885616",15945,0.970455,"B5V",743.9,11.64
"HD 101618",10101,0.014346,"B4V",283.8,14.13
"HD 227519",8099,0.006043,"DA6",780.2,17.33
"HD 770103",23630,85.573712,"B4IV",344.2,5.36
"TYC 5406-800-1",24502,135122.694731,"B6Ib",830.3,-0.94
"HIP 32327",4010,244.124828,"K9III",772.6,5.75
"HD 371375",30352,28328.027242,"O0Ia",892.6,1.01
"HD 789880",5035,0.000818,"K7V",742.1,19.25
"HIP 107890",3113,120.450844,"M7III",737.6,6.23
"HIP 14175",4035,419.469513,"K5III",636,4.79
"WD 2745+441",22978,0.000669,"DA2",623.3,19.27
"HD 210764",16338,1.907604,"B9V",444.5,9.81
"HD 318922",2993,0.000532,"M6V",963.8,20.36
"HD 333327",27078,1053.659866,"B6III",418.3,2.76
"HD 413684",6269,0.004175,"F0V",997,18.18
"HD 190372",22130,27.062761,"B1IV",563,7.54
"WD 9793+760",16442,0.000276,"DA3",652.5,20.2
"HD 207424",7640,0.00224,"A0V",391.5,16.86
"HD 276004",13281,0.155872,"B6V",551.1,13
"HIP 63329",3763,208.32466,"K5III",902.2,6.15
"HD 234015",17057,1.937174,"B5V",832.9,11.06
"WD 6100+476",19046,0.000527,"DA2",987.8,20.4
"HD 537975",31686,27749.289312,"O9Ia",822.7,0.79
"HD 519997",26137,448.31491,"B7III",895.9,5.44
"HD 329330",32977,43762.915433,"O4Ia",730.3,-0.05
"HIP 87830",3515,122.224902,"M0III",787.1,6.42
"HD 216262",27977,1877.193528,"B8III",900.3,3.86
"HD 435644",3407,0.000082,"M6V",511.4,21.21
"TYC 3521-384-1",3358,80481.769262,"M5Ib",975.6,-0.04
"HIP 58544",3236,156.132339,"M2III",542.2,5.33
"WD 7892+472",23559,0.000191,"DA2",739.8,20.9
"HD 324708",33868,95741.943192,"O1Ib",725.2,-0.94
"HD 502965",2715,0.000164,"M8V",541.4,20.27
"HD 575970",7206,0.003167,"F3V",890.7,18.29
"HD 923724",11570,0.072055,"B9V",523.3,13.62
"HD 811588",2932,0.000156,"M4V",696.8,20.85
"HD 732916",3883,0.000141,"K4V",408.3,19.95
"HD 874211",34011,135159.713103,"O2Ia",937.6,-0.8
"HD 743071",18300,2.449683,"B4V",709.2,10.5
"HD 253100",12201,0.023403,"B2V",10.5,6.53
"HD 105264",7973,0.01348,"A9V",863.2,16.55
"HIP 26814",4063,202.593516,"K5III",913.1,6.24
"HD 306035",5341,0.000925,"G1V",113.1,15.23
"WD 6605+922",12132,0.001998,"DA4",321.9,16.35
"HD 136127",16161,1.160071,"B3V",847.7,11.67
"HIP 67748",3590,198.233213,"M1III",654,5.69
"HD 232365",10617,0.02477,"B8V",916.9,16.04
"HD 623271",5041,0.00071,"K9V",712.6,19.32
"HD 512084",12890,0.31623,"B4V",618.8,12.55
"WD 2106+757",18074,0.000613,"DA2",377,18.25
"HD 926086",6956,0.001972,"F0V",304.2,16.39
"HIP 20206",3691,138.441538,"M8III",315.3,4.42
"HD 360027",20468,36.753551,"B9IV",752.4,7.79
"HD 768165",17470,5.203277,"B5V",703.5,9.72
"HIP 5514",3529,155.741543,"M2III",575.1,5.55
"HIP 106288",4085,85.477593,"K5IV",808.2,6.92
"HD 123592",10476,0.014251,"B8V",30.7,9.33
"TYC 4977-707-1",5027,93627.362486,"K0Ia",749.4,-0.84
"TYC 4838-867-1",16378,44929.305432,"B2Ia",875.5,0.25
"HD 587482",23183,130.098306,"B8III",633.5,5.89
"HD 542750",27020,1042.207833,"B4III",921.4,4.61
"HD 822577",31315,9171.273672,"O8III",475.3,0.73
"HIP 80406",5319,311.227168,"G0III",748,5.46
"HD 825787",2674,0.000086,"M2V",821.8,22
"HD 347338",6337,0.002567,"F0V",668.9,18.07
"HD 540106",33069,92200.292449,"O1Ia",401.2,-2.12
"HD 647867",30477,11590.403229,"O1Ia",620.5,1.06
"HD 475534",15226,1.13819,"B5V",912.2,11.76
"HD 526984",2611,0.000103,"M2V",302.1,19.59
"HD 645554",13213,0.186827,"B7V",319.4,11.51
"HD 681796",29995,10432.094831,"B2Ia",365,0.08
"HIP 116118",3921,228.439391,"K3III",899,6.09
"HD 800445",25839,777.974541,"B4III",633.7,3.81
"TYC 4031-566-1",22655,123734.047024,"B6Ia",542.1,-1.63
"HD 901103",31501,16700.111933,"O1Ib",543.6,0.39
"HD 769652",34488,86041.631831,"O2Ia",929.7,-0.02
"HD 324993",4945,0.000493,"K5V",877.9,20.35
"HD 362803",7120,0.002444,"F3V",314.9,16.18
"HD 286684",17826,5.016665,"B7V",618.3,9.4
"HD 125476",30233,29150.465772,"O0Ib",764.7,0.62
"HD 157357",20941,15.830399,"B4IV",969.4,9.22
"HD 217408",33821,100670.647913,"O8Ib",749.4,-0.86
"HD 255594",3904,0.000279,"K5V",880.3,20.91
"WD 6328+159",21146,0.000371,"DA2",404.1,18.73
"HIP 78836",4281,72.424899,"K5IV",950.5,7.45
"HIP 28603",3333,178.298235,"M7III",854.3,6.48
"HD 411195",9978,0.017359,"A1V",472,14.84
"HD 349281",2646,0.00009,"M4V",697.4,21.67
"HD 950953",9769,0.006279,"DA5",386.5,15.64
"WD 9525+179",17119,0.000144,"DA2",798.5,21.39
"HD 233806",33639,132352.419498,"O5Ia",432,-2.45
"HD 830494",2521,0.000074,"M0V",660.6,21.59
"HD 809662",10146,0.01535,"B7V",810.8,16.36
"HD 228861",13373,0.231897,"B2V",965.3,13.72
"HD 386880",34855,105220.910524,"O2Ia",650.2,-1.3
"HD 748105",11440,0.073278,"B3V",332.1,12.53
"HD 881077",3355,0.000134,"M7V",983.1,21.94
"HD 180577",7019,0.001599,"F2V",810.5,18.79
"HD 938622",15757,0.863376,"B1V",881.6,12.11
"HD 104142",5154,0.000457,"K2V",652.1,19.65
"HD 573152",17765,2.09351,"B4V",649.7,10.4
"HIP 17360",4999,81.826193,"K3IV",508.2,6
"HD 829793",14794,0.557249,"B0V",771.8,12.5
"HD 219698",5483,0.000785,"G4V",924.6,19.87
"WD 1014+758",16724,0.000128,"DA3",920.6,21.78
"WD 5575+699",21959,0.000271,"DA2",979,21.02
"HD 430687",22978,97.853132,"B9IV",264.8,4.38
"HD 502760",4479,0.000321,"K7V",938.6,20.78
"HD 622434",2600,0.00029,"M1V",779,20.67
"HD 455149",23561,68.231315,"B3IV",864.4,7.48
"HD 838059",4046,0.000144,"K6V",972,21.96
"WD 2543+877",21272,0.001757,"DA2",728.5,18.61
"HD 327174",4597,0.000235,"K4V",546.6,19.96
"HIP 113398",4227,271.00871,"K0III",897.1,6.08
"HD 557573",2897,0.000102,"M2V",744,21.54
"HD 769508",3003,0.000221,"M0V",530.3,19.77
"WD 8838+744",7965,0.001181,"A1V",846.3,19.25
"HD 290509",7695,0.00193,"A9V",388.4,17.11
"HD 642917",11287,0.111687,"B5V",843.5,14.26
"HD 882086",31551,9087.626269,"O0III",763,2.04
"HD 387338",7605,0.003465,"A3V",530.7,17.26
"TYC 9911-915-1",12129,79055.442594,"B3Ib",652.3,-0.91
"HIP 71200",3140,264.06658,"M6III",762.9,5.59
"HIP 104759",4525,85.637511,"K5IV",637.4,6.46
"HD 100401",34488,234062.32381,"O0Ia",719.6,-1.83
"HD 520595",6015,0.000864,"F0V",576,18.73
"HD 491453",4879,0.000218,"K4V",924.7,21.24
"HD 484852",10343,0.012179,"B7V",691.4,16.3
"HD 316686",9249,0.008917,"DA5",735.2,16.52
"HD 328593",4452,0.00023,"K8V",475.2,19.95
"HD 911601",2511,0.000048,"M2V",925.9,22
"HD 467359",4555,0.000842,"K9V",747.2,19.3
"HD 102514",8458,0.005788,"DA5",740.1,17.05
"HD 904160",22842,50.263397,"B3IV",766.6,7.4
"HD 429378",20168,15.495315,"B7IV",607.5,8.16
"HIP 42279",4690,373.501937,"K8III",894.4,5.64
"HD 787737",7426,0.00098,"F0V",807.1,19.42
"HD 228914",22350,35.472001,"B2IV",516.4,7.04
"HD 673052",5587,0.000923,"G5V",583.5,18.76
"WD 1542+869",13083,0.001387,"DA3",974.7,19.3
"HD 732959",3838,0.000162,"K7V",746.5,21.19
"HD 280440",26717,1063.441639,"B7III",994.5,4.72
"HD 675921",19162,10.3049,"B5IV",458.7,8.06
"HD 955748",4210,0.000311,"K0V",283.1,18.2
"HD 716689",13868,0.260491,"B5V",663.3,12.9
"HD 605385",12419,0.415798,"B6V",468.5,11.73
"HD 470969",7781,0.003629,"A3V",383.8,16.47
"HIP 55039",4312,22.6899,"K0IV",610.2,7.89
"TYC 2695-571-1",10678,38811.929763,"B9Ia",982,0.79
"HD 556533",16689,1.277669,"B5V",379.1,9.75
"HD 860063",30327,16313.972313,"O5Ia",680.1,0.82
"HD 530995",9107,0.003748,"DA5",969,18.31
"HD 631405",9366,0.00944,"DA5",942.9,17.23
"HD 943012",27831,1539.425589,"B6III",474.2,2.73
"HD 865938",25317,534.713964,"B7III",731.3,4.8
"HD 967465",17936,4.649697,"B7V",631.5,9.72
"HD 164846",11656,0.112099,"B6V",846.3,14.42
"HD 544457",5112,0.000877,"K3V",615.8,18.76
"WD 9908+233",21648,0.000864,"DA2",862.1,19.65
"TYC 7493-798-1",20462,70334.718348,"B6Ib",873.8,-0.23
"WD 6398+210",6795,0.000954,"F3V",628.2,18.83
"WD 3920+586",16676,0.00088,"DA3",628.7,18.79
"HIP 27385",4716,23.172725,"K4IV",501.4,7.35
"HD 614914",5798,0.000524,"G1V",989.1,20.41
"HD 465216",24726,431.883699,"B0III",477.3,4.01
"HIP 16390",4183,95.564927,"K4IV",787.1,6.79
"HD 463255",10318,0.024378,"B7V",217.3,13.12
"HD 168297",11552,0.041039,"B5V",893,15.57
"HIP 31592",5049,175.237213,"K1III",652.5,5.65
"HD 257376",2775,0.000192,"M2V",246.8,18.58
"WD 7509+694",21258,0.000386,"DA2",611,19.76
"HD 517666",2523,0.000355,"M5V",277.2,18.14
"HD 124337",16760,6.636561,"B3V",513.8,8.65
"HD 385500",27476,4503.716082,"B8III",216.2,-0.2
"HD 959409",21961,71.101594,"B5IV",723.9,6.85
"HD 513807",3118,0.000105,"M4V",563,21.08
"HD 480772",2502,0.000025,"M6V",381.2,21.72
"WD 4058+848",12241,0.000252,"DA4",605,20.08
"HIP 20153",4356,162.760674,"K5III",234.5,3.56
"HD 209391",11371,0.061705,"B1V",993.9,15.3
"HD 101529",12173,0.048679,"B3V",700.2,14.81
"HIP 111737",3387,64.645188,"M6IV",948.7,7.71
"HD 118096",19901,20.675783,"B0IV",526.6,7.74
"HD 480569",5881,0.000737,"G7V",801.8,19.7
"HD 824686",6492,0.002699,"F1V",324.5,16.38
"HIP 104580",4495,253.846307,"K4III",398.2,4.29
"HD 509121",13690,0.133506,"B9V",822.8,13.96
"HD 163766",28239,4945.655462,"B1III",434.4,1.15
"HD 938166",20645,28.296535,"B6IV",327,6.17
"HD 176956",20832,14.463403,"B7IV",494.8,7.79
"HD 381751",12850,0.030466,"B6V",955.3,16.06
"HD 653220",33480,50555.194098,"O4Ib",518.8,-1.04
"HD 949600",19345,7.984699,"B8V",813.5,9.66
"HD 760178",29151,1810.932674,"B9III",400.7,2.27
"TYC 9787-883-1",17835,46688.079133,"B5Ib",189,-3
"HD 401774",9611,0.035799,"A5V",527.2,14.49
"HD 447042",9502,0.01236,"A0V",720.1,16.23
"HD 315462",2785,0.000129,"M1V",343.1,19.73
"HD 532314",29347,10557.131555,"B0Ib",977.9,2.19
"HD 715807",28543,6604.769393,"B1III",617.4,1.56
"HD 880367",8517,0.00495,"DA5",781.4,17.64
"HIP 12963",4276,186.800851,"K6III",568.9,5.18
"WD 9744+228",6706,0.000277,"F8V",365.2,18.97
"HD 221466",33866,64164.155991,"O3Ia",418.4,-1.5
"WD 7759+370",13293,0.00021,"DA3",956.7,21.3
"HD 811323",6697,0.003048,"F7V",965.5,18.38
"HIP 117439",4129,460.803464,"K8III",842.2,5.23
"WD 7221+366",12300,0.000288,"DA4",712,20.27
"HD 275805",3227,0.000117,"M7V",549,20.77
"HD 583804",25099,688.708732,"B8III",445.4,3.31
"WD 3972+280",20655,0.000456,"DA2",658.3,19.64
"HD 837726",12521,0.069093,"B5V",586.7,14.18
"HD 845960",19996,13.486623,"B2IV",897.5,8.96
"HD 131982",21327,54.879242,"B5IV",913,7.63
"TYC 1750-933-1",12653,192190.291748,"B7Ia",890.3,-1.19
"HD 206845",25284,501.887586,"B5III",51.1,-0.84
"HD 209604",10685,0.009467,"DA4",825.3,16.97
"HD 908014",2695,0.000096,"M1V",753.7,21.79
"HD 980460",4827,0.00089,"K0V",635.4,19.04
"TYC 4445-348-1",7567,101678.977883,"A0Ia",700.6,-1.08
"HIP 33520",5194,442.71711,"K0III",942.9,5.58
"HIP 22246",4889,78.70366,"K4IV",680.1,6.51
"TYC 1507-815-1",23467,37834.559828,"B3Ib",651.8,-0.15
"HD 743038",4414,0.000226,"K5V",161.9,17.45
"HD 394347",3574,0.000333,"M0V",604.9,19.69
"HD 739214",27522,3721.912659,"B2III",457.1,1.61
"HD 731861",11969,0.065904,"B0V",920.1,14.99
"HD 510777",6758,0.001939,"F4V",793.7,18.5
"HD 714051",11005,0.010195,"B9V",925.7,17.05
"HD 616779",5637,0.000849,"G0V",351.8,17.72
"HD 128238",12708,0.059811,"B6V",371.3,13.2
"HD 696781",21464,86.734889,"B1IV",634.7,6.34
"HD 594057",6535,0.001445,"F2V",306.9,16.86
"HD 644419",24611,280.869999,"B1III",989.2,6.11
"HD 483948",15669,1.293942,"B3V",942.1,11.81
"HD 225165",10474,0.034791,"B0V",994.2,16
"HD 231644",34324,199741.282656,"O4Ia",252.1,-3
"HD 506151",24174,211.539494,"B9III",845.1,6.15
"WD 8785+610",23043,0.006835,"DA2",366.3,15.55
"TYC 3867-420-1",16736,438282.115756,"B2Ia",693.5,-2.57
"TYC 4319-406-1",11562,40265.707286,"B2Ia",998.9,0.67
"WD 9717+130",24620,0.001704,"DA2",963.9,19.17
"WD 8103+839",14853,0.002518,"DA3",870.5,18.55
"WD 7744+888",22595,0.002221,"DA2",350.6,16.46
"WD 6167+783",12851,0.000318,"DA3",515.8,19.51
"HD 444499",7723,0.003312,"A7V",475.9,16.84
"WD 8902+340",20729,0.000914,"DA2",261.8,17.02
"HD 886597",19734,32.125335,"B8IV",733.4,7.91
"HD 892717",11207,0.016627,"B8V",993.1,16.77
"HIP 76738",3987,266.17814,"K7III",135.9,1.77
"HD 290508",4694,0.000426,"K9V",674.4,19.98
"HD 425094",33714,89596.314612,"O7Ia",977.5,-0.08
"HD 619152",7302,0.004805,"F8V",768.3,17.39
"HD 240354",3675,0.000186,"M0V",815.2,21.19
"HIP 48776",4489,18.924156,"K7IV",395.7,7.23
"WD 6264+451",10959,0.003039,"DA4",722,17.84
"HD 542516",16429,0.586641,"B0V",573.6,11.66
"HD 774473",12263,0.106605,"B1V",820.8,14.39
"HD 244919",4432,0.00018,"K9V",338.2,19.42
"HD 266440",25333,472.48615,"B1III",655.4,4.69
"HD 230445",21591,78.665837,"B8IV",944.3,7.46
"HD 163705",29114,8545.619295,"B6III",542.9,1.08
"HD 647146",17190,1.294294,"B7V",950.2,11.93
"HD 127336",2514,0.000084,"M2V",841.9,21.93
"HD 859956",34705,197002.990469,"O0Ib",400.1,-2.95
"HD 537434",18343,3.614608,"B7V",376.2,8.9
"TYC 4633-513-1",23373,270252.835656,"B2Ib",546.6,-2.77
"HD 702887",2537,0.00014,"M2V",336.9,19.48
"HIP 33573",5172,248.445805,"K8III",556.3,5.09
"HD 316366",31706,32829.279571,"O2Ib",528.6,-0.34
"HIP 73840",3744,38.546248,"K3IV",912.4,8
"HD 417387",33116,91241.431252,"O6Ia",922.1,-0.24
"HD 226994",9524,0.004114,"DA5",399.5,16.2
"HD 227723",2568,0.000172,"M2V",922.6,21.56
"HD 856877",3438,0.000262,"M7V",827.6,20.86
"HD 447880",3890,0.000225,"K0V",388.3,19.28
"TYC 7628-879-1",14431,86147.175087,"B8Ib",608.9,-1.16
"HD 740253",7125,0.003395,"F2V",945.1,18.29
"HD 177335",13589,0.34511,"B2V",841.1,13.19
"HD 810465",8222,0.012882,"A1V",991.7,16.9
"HD 101611",6891,0.000752,"F5V",745.7,19.47
"HIP 52476",4315,100.502198,"K7III",758.7,6.7
"HD 603654",10064,0.006634,"DA5",846.9,17.44
"HD 830053",12233,0.049978,"B1V",555.1,14.21
"HD 788933",25190,1009.935034,"B8III",617.5,3.83
"HD 105525",4318,0.000187,"K2V",924.3,21.45
"HIP 70939",4349,608.658682,"K7III",834.9,5.08
"HD 327432",19234,4.881943,"B2V",211.6,7.23
"HD 946458",5141,0.000647,"K5V",648.4,19.26
"HD 571490",31920,35666.470543,"O2Ib",997.6,0.8
"HIP 17215",4876,86.221572,"K5IV",886.9,7.14
"HD 633965",24138,207.446976,"B6III",872.2,6.07
"HIP 101745",3476,478.446412,"M3III",603.8,4.53
"HIP 30942",4576,69.123386,"K9IV",986,7.83
"HD 289778",2603,0.000271,"M9V",778.9,20.47
"WD 9995+317",17892,0.000566,"DA2",793.1,20.01
"HD 553926",28317,4933.66,"B8III",740,2.4
"HD 107012",23258,122.975973,"B7III",787.9,6.64
"WD 5414+592",21366,0.001611,"DA2",713.5,18.51
"HD 651073",33456,104595.19921,"O9Ia",985.8,-0.2
"HD 555416",3581,0.000175,"M7V",451.2,19.81
"HD 496656",8509,0.005282,"DA5",752,17.48
"HD 212055",34830,346572.512123,"O6Ia",521.8,-2.79
"HD 817998",5953,0.002358,"G5V",904.1,18.45
"HD 378321",14309,0.225115,"B2V",996,13.97
"HD 554126",4663,0.000177,"K0V",754.2,21.19
"HD 758127",25094,501.614868,"B6III",759.1,4.86
"HD 309774",5496,0.000453,"G0V",830.5,20.3
"HD 217648",13265,0.075367,"B5V",658.2,14.24
"WD 1054+946",16624,0.003865,"DA3",488.7,16.75
"HD 110110",2665,0.000113,"M4V",595.3,21.16
"HD 206560",25897,515.35105,"B7III",792.4,5.04
"HD 157912",6906,0.000862,"F2V",928.9,19.81
"WD 4042+353",10111,0.000951,"DA4",886.2,19.59
"HD 310150",17437,2.215318,"B4V",977.4,11.41
"HD 625484",20383,37.345128,"B8IV",573.9,7.15
"HIP 39551",3000,900.040438,"M1III",926.2,4.94
"HD 714322",3287,0.000197,"M7V",931.9,21.49
"HD 395112",33789,148192.538883,"O8Ia",643.8,-1.72
"HD 745487",7250,0.00098,"F9V",398.4,17.96
"HD 998638",4607,0.000582,"K0V",904.1,20.08
"HD 639428",8128,0.003484,"DA6",241.8,15.15
"HD 284063",21228,33.743958,"B9IV",341.3,6.21
"HD 357005",3488,0.00011,"M5V",710,21.38
"HD 555113",5991,0.002311,"G1V",68.3,13.02
"HD 178733",30803,16017.432621,"O5Ib",919,1.58
"HD 214759",18042,1.07489,"B2V",435,10.34
"HD 156906",29689,15794.616269,"B3Ib",600,0.54
"HD 466027",33227,87815.838888,"O1Ib",909.6,-0.31
"HD 132643",16636,2.243038,"B7V",825.4,10.92
"HD 272420",15196,0.504048,"B7V",826.1,12.4
"HD 223885",9744,0.010443,"A6V",761.9,16.74
"HD 434294",16426,0.975803,"B0V",879.5,11.97
"HIP 46262",4132,548.23831,"K2III",157.4,1.55
"HD 481911",32769,96311.196175,"O7Ia",893.6,-0.33
"HD 683601",34506,183639.149913,"O6Ia",893.2,-1.16
"HIP 88341",5211,183.599584,"G8III",439.4,4.67
"TYC 1381-431-1",5624,26666.578212,"G1Ia",826.4,0.95
"HD 787836",8664,0.004686,"DA5",198.6,14.44
"HIP 50697",4356,472.545781,"K3III",931.4,5.28
"HD 200817",6369,0.002133,"F3V",146.7,14.96
"HD 194532",32653,39011.069041,"O4Ia",853,0.48
"HD 441695",26853,1204.062913,"B5III",260.6,1.67
"HD 778288",6972,0.002756,"F8V",146.1,14.39
"HD 287796",13010,0.200385,"B3V",743.3,13.53
"HIP 26109",3966,335.472317,"K7III",907.3,5.72
"TYC 6560-512-1",12744,69256.433482,"B6Ia",490.4,-1.39
"HIP 80444",5188,71.612474,"K1IV",408.2,5.83
"HD 969810",32729,84296.8844,"O0Ib",582.2,-1.29
"HD 193768",22768,56.227629,"B3IV",939.5,7.55
"HD 539537",4049,0.000292,"K7V",862.3,20.76
"WD 7116+691",9784,0.000065,"DA5",977.1,22
"HD 335219",3003,0.000236,"M4V",721.9,20.63
"WD 6370+482",20357,0.000248,"DA2",842.3,20.89
"WD 6294+458",8556,0.000668,"DA5",955.6,20.04
"HD 277669",7957,0.013859,"A1V",998.2,16.88
"WD 3988+705",17016,0.000421,"DA2",746.8,20.09
"HD 576165",5368,0.001086,"G0V",541.6,18.25
"HD 957373",4366,0.000806,"K1V",821.4,19.63
"HD 390944",7303,0.002874,"F8V",80.5,13.17
"HD 548910",2520,0.000074,"M6V",520.6,21.14
"HD 406918",29010,11138.195954,"B8Ib",767.5,1.66
"HD 267928",20323,27.433601,"B0IV",669.3,7.79
"HD 664935",4710,0.000257,"K0V",644.4,20.33
"HD 362387",6598,0.001165,"F7V",542.6,18.49
"HD 450264",2591,0.000133,"M0V",795.1,21.4
"HD 666487",13030,0.132602,"B3V",232.4,11.35
"HD 711939",14379,0.580884,"B2V",920,12.67
"HD 357325",4074,0.000211,"K4V",578.3,20.15
"HD 794313",2791,0.000147,"M8V",664.4,20.88
"TYC 9594-796-1",4937,35647.2733,"K4Ia",832.5,0.55
"HD 844617",4182,0.000277,"K9V",213.6,17.89
"HD 169750",4655,0.000241,"K9V",663.8,20.3
"HD 520270",22823,110.358856,"B3III",744.9,6.56
"HD 285304",29793,35347.699236,"B4Ib",589.1,-0.31
"HD 376982",7897,0.003699,"A4V",409.3,16.47
"TYC 8436-595-1",19164,86794.274312,"B1Ia",777.1,-0.61
"HD 849245",22477,28.092154,"B2IV",988.7,8.61
"HD 669300",3134,0.000196,"M2V",888.9,21.28
"HIP 105405",4511,452.841331,"K4III",938.7,5.58
"HD 930463",17217,3.474595,"B2V",903.8,10.84
"HD 911106",31978,58287.383266,"O6Ia",928,0.28
"HD 238866",20445,37.515995,"B2IV",650.8,7.46
"HD 995367",2685,0.00017,"M9V",663,20.6
"HD 541117",12572,0.053459,"B7V",861.2,14.95
"HD 987794",19274,8.646694,"B1V",268.6,7.03
"HIP 4457",3372,26.710104,"M9IV",979.8,8.58
"HD 147629",3458,0.000245,"M8V",809.4,20.88
"HD 209401",22395,63.933056,"B7IV",947.3,7.77
"HD 867506",2983,0.000121,"M7V",128.6,17.63
"HD 611307",30367,16456.239866,"O3Ib",639,0.69
"HD 928071",6461,0.001346,"F7V",342.1,17.19
"HD 319659",3531,0.000104,"M2V",991.8,22
"HD 938331",23931,332.680579,"B4III",174.7,2.24
"HD 390694",33703,99362.502779,"O4Ia",432.3,-2.24
"HIP 3839",4165,216.432253,"K7III",629.6,5.49
"HD 583197",12918,0.113963,"B0V",850.8,14.14
"WD 6439+326",15466,0.00065,"DA3",329.7,17.63
"HD 282323",2667,0.00006,"M5V",588.1,21.62
"WD 8577+248",6248,0.000165,"F7V",924,21.63
"HD 405776",33133,54088.307406,"O3Ib",871.4,0
"HD 842674",16018,0.318926,"B5V",840.6,13.03
"HD 799406",10315,0.009836,"DA4",754.1,16.78
"HD 846223",27259,1596.296928,"B7III",975.5,4.13
"WD 8531+175",22301,0.003594,"DA2",706.4,17.75
"HD 202511",5064,0.000225,"K1V",359.3,19.21
"HD 784078",17564,1.791376,"B5V",828.6,11.23
"WD 2602+653",15542,0.000993,"DA3",892.7,19.58
"HD 482123",4032,0.000307,"K7V",286,18.36
"HD 718526",27145,1780.989114,"B4III",688.6,3.24
"HD 385764",6131,0.000976,"F1V",293.5,17.07
"HD 385934",8684,0.003546,"DA5",179.9,14.8
"HD 520587",24025,117.39481,"B8III",833.3,6.51
"HD 788080",13684,0.169439,"B6V",786.8,13.82
"HD 275242",16243,1.176718,"B2V",597.9,10.9
"HD 717284",10634,0.04551,"B6V",820,15.07
"HD 169832",5172,0.000453,"K0V",431.9,18.85
"HD 923242",24858,68.278047,"B9IV",357.5,5.48
"HD 393568",32899,112355.361897,"O2Ia",53.7,-3
"HD 601225",8438,0.00543,"DA5",499,16.31
"HD 676373",33333,153306.40816,"O2Ia",848.5,-1.06
"HD 618007",15428,0.725473,"B4V",734.5,11.82
"HIP 2121",5090,87.686014,"K3IV",935.7,7.09
"HD 114952",17673,1.566797,"B9V",829.5,11.32
"HD 902216",2532,0.000169,"M8V",594.6,20.61
"HD 496183",2569,0.000192,"M1V",887.7,21.45
"HD 286384",33874,593463.216079,"O6Ia",340.1,-3
"HD 100953",20955,54.865555,"B2IV",929,7.8
"HD 705673",34560,504421.956177,"O7Ia",839.5,-2.2
"HD 105731",27889,3098.55259,"B6III",574.2,2.31
"HD 763938",15979,2.158445,"B7V",618.4,10.31
"HD 529823",3755,0.001005,"K3V",927.5,19.56
"HD 492684",20991,70.141194,"B7IV",843.9,7.29
"HD 733569",27430,1333.262504,"B4III",365.9,2.38
"HD 407861",3507,0.000104,"M6V",782.1,21.58
"HD 341000",3239,0.000104,"M5V",256.1,19.1
"HIP 73258",4851,17.426431,"K5IV",356.2,6.87
"HD 497660",6616,0.002971,"F7V",625.7,17.7
"HD 146246",5852,0.000886,"G3V",887.4,19.73
"WD 7224+923",18927,0.001037,"DA2",890.8,19.33
"HD 395848",7676,0.004135,"A1V",692.7,17.34
"WD 7579+654",13482,0.003671,"DA3",317.5,15.78
"HD 240669",2893,0.000064,"M0V",915,22
"WD 1480+722",11723,0.000672,"DA4",372.9,17.98
"HD 196337",3305,0.0002,"M8V",522.4,20.2
"HD 876727",2606,0.000087,"M3V",558.5,21.26
"HD 695535",11837,0.052694,"B8V",191.6,11.88
"HD 780953",24838,252.894908,"B6III",629.1,5.21
"HD 904644",3632,0.000095,"M9V",909.1,22
"HD 204271",11376,0.012505,"B6V",408,15.04
"WD 5218+268",7076,0.000606,"F9V",524,18.92
"HD 126066",25667,592.801327,"B1III",635.4,4.47
"HD 340473",3777,0.000418,"K2V",744.6,20.06
"HD 169551",21208,36.707347,"B7IV",533.3,6.96
"TYC 1036-956-1",17563,96535.055609,"B4Ia",656.7,-1.15
"HD 738290",2500,0.000113,"M3V",341.4,19.71
"HD 582670",21668,21.248194,"B5IV",749.5,8.11
"HD 227183",14432,0.427573,"B5V",922.6,12.85
"HD 984059",16487,2.612257,"B3V",903.7,11.07
"HD 528514",11219,0.02512,"B7V",832.5,15.8
"HD 917319",13782,0.296633,"B4V",683.3,12.89
"HIP 86467",3000,207.705719,"M9III",741.6,5.76
"WD 1811+370",20524,0.00053,"DA2",787.7,19.85
"HIP 80472",4688,58.404936,"K9IV",762.2,7.41
"WD 7318+949",12449,0.002287,"DA4",928.8,18.76
"WD 2820+259",18440,0.006083,"DA2",916,17.57
"HD 259915",15207,0.595076,"B8V",310,10.12
"TYC 6706-916-1",4171,82638.16043,"K1Ia",625.5,-1.11
"HD 174627",15114,0.220466,"B8V",664.5,12.92
"HD 568760",26483,1027.618427,"B6III",486.4,3.06
"HD 233019",19791,16.450984,"B7IV",745.8,8.54
"HD 643564",34747,363675.150796,"O2Ib",607.5,-2.61
"HD 445027",4966,0.000453,"K4V",949.3,20.48
"HD 137787",23975,254.110171,"B0III",862.1,5.9
"HD 440085",16132,1.429362,"B0V",613.9,10.79
"TYC 5412-290-1",19050,106698.89273,"B7Ia",810.8,-0.74
"WD 8604+970",21120,0.000565,"DA2",621.4,19.41
"HD 817676",11571,0.035735,"B2V",839.2,15.61
"HD 978542",2508,0.000145,"M9V",598.9,20.64
"HIP 39117",4419,203.119338,"K0III",971.9,6.48
"HD 986257",6574,0.003718,"F7V",786.4,17.78
"HD 349552",2754,0.000151,"M7V",716.5,21.03
"WD 8159+862",8098,0.000204,"DA6",864.4,21.06
"WD 1994+522",8069,0.001068,"DA6",243.2,16.72
"HIP 105777",5259,343.281621,"G9III",506.8,4.42
"HD 720998",4986,0.000377,"K8V",518.2,19.45
"HIP 109657",3802,130.69231,"K3III",993.9,6.84
"WD 7551+504",10141,0.000934,"DA4",895.3,19.69
"WD 5582+665",19772,0.000365,"DA2",586.1,19.69
"HIP 15827",4103,511.999374,"K9III",673.2,4.54
"HD 828730",23409,140.818378,"B8III",962.2,6.63
"WD 5744+359",9646,0.001474,"DA5",638.2,18.39
"HD 441356",6091,0.000724,"F8V",888.8,19.94
"HD 799507",30766,22732.191853,"O9Ib",711.5,0.62
"HD 178638",2504,0.000167,"M8V",633.9,20.66
"HD 252179",7919,0.00207,"A5V",302.5,16.39
"HD 140267",2899,0.000039,"M0V",610.1,22
"HD 973372",3701,0.000493,"K0V",732.4,19.88
"HD 217472",16868,1.05685,"B9V",853.1,11.73
"HD 942631",10952,0.032894,"B0V",913.9,15.6
"HD 707066",12963,0.032077,"B2V",423,14.06
"HD 549266",3162,0.000149,"M5V",960.5,21.74
"HD 797493",24837,192.157283,"B6III",442.7,4.76
"HD 208962",4945,0.000251,"K6V",749.8,20.66
"HD 494844",4309,0.000129,"K9V",952.3,21.97
"HD 993189",3330,0.00043,"M2V",793.6,20.25
"HD 139256",5534,0.001307,"G4V",899.5,19.34
"WD 5996+150",12314,0.000216,"DA4",493.7,20
"HD 746238",12546,0.107528,"B9V",911.6,14.5
"HIP 75662",4434,298.866219,"K9III",141,1.91
"HD 771798",24016,387.851917,"B5III",755.5,5.08
"HD 209452",13995,0.133519,"B6V",947.4,14.36
"HD 607006",5899,0.000859,"G0V",563.8,18.61
"WD 3310+274",24741,0.001075,"DA2",454.4,18.03
"HD 834304",4798,0.000366,"K8V",934.8,20.79
"WD 2673+985",7535,0.000296,"A5V",862.8,20.8
"WD 2167+812",16424,0.002081,"DA3",999,18.78
"HD 780245",11588,0.138581,"B0V",721.1,13.77
"HD 688315",32909,131168.072551,"O8Ib",590.6,-1.71
"HD 523675",5068,0.000343,"K5V",411,18.96
"HD 558842",24619,488.778016,"B1III",733.7,4.71
"HIP 11264",4094,33.588197,"K3IV",536.4,7.08
"WD 8780+756",20001,0.000454,"DA2",336.4,18.3
"HD 348022",34190,124565.367294,"O2Ia",536.1,-1.84
"HD 778754",25196,389.325796,"B6III",478.5,3.99
"HD 968766",4868,0.000342,"K0V",108.1,16.25
"HD 765780",32451,279801.476319,"O8Ib",984.8,-1.45
"WD 6471+262",20530,0.002279,"DA2",435.3,17.13
"HD 766728",2558,0.000113,"M7V",513.2,20.73
"TYC 4962-480-1",14102,448702.417175,"B0Ib",510.6,-3
"HD 909732",3119,0.000539,"M2V",291.7,17.73
"WD 3877+587",21102,0.000634,"DA2",649.7,19.39
"WD 9902+993",14832,0.000765,"DA3",741,19.34
"HD 646739",14408,0.088063,"B9V",371.1,12.8
"HD 283603",8911,0.004846,"DA5",463.1,16.43
"HIP 73421",3955,121.641938,"K3III",894,6.75
"WD 5353+780",18128,0.000347,"DA2",629.1,19.72
"WD 9688+851",19032,0.000539,"DA2",909.3,20.23
"HD 649609",21599,30.870433,"B0IV",874,8.28
"HD 766887",24371,137.964299,"B7III",539.5,5.57
"HD 543475",25242,564.559431,"B7III",552,4
"HD 210524",13389,0.122002,"B2V",637.8,13.54
"HD 183352",12002,0.160278,"B5V",671.6,13.47
"HIP 2064",4194,70.38972,"K6IV",757.6,7.32
"HD 605819",2586,0.000408,"M6V",465.7,19.1
"HD 849105",6866,0.001307,"F9V",378.9,17.32
"HIP 25735",3741,48.115604,"K2IV",734.5,7.34
"HD 843768",5821,0.001093,"G0V",992.6,19.6
"HD 667793",9032,0.008086,"DA5",570.4,16.1
"HD 849045",7498,0.003889,"F3V",519.3,16.86
"HD 916952",2802,0.000067,"M2V",940,22
"WD 6301+193",19358,0.000489,"DA2",810.6,20.01
"HIP 74989",3489,182.35571,"M3III",532.2,5.18
"HIP 1622",4579,156.953669,"K8III",587.5,5.71
"HD 231852",32291,39906.561205,"O1Ib",537.9,-0.65
"HD 514248",2688,0.000278,"M6V",905.4,21.14
"HD 692269",16149,0.841509,"B3V",834.2,12.19
"HD 903062",22639,48.950007,"B2IV",925.4,7.7
"HIP 72186",4169,333.461397,"K7III",965.8,5.83
"HD 143898",31195,26968.746604,"O3Ib",884.9,0.85
"HIP 65090",3538,491.226568,"M2III",951.5,5.5
"HD 809838",21718,30.753076,"B5IV",587,7.38
"HD 972198",20446,9.644753,"B2V",693.3,8.98
"HIP 78385",3842,91.757181,"K6IV",897.6,7.15
"HD 489399",14454,0.599191,"B0V",543.8,11.52
"HD 802906",18890,5.457014,"B7V",832.1,10.04
"HD 692294",13055,0.08407,"B2V",826.5,14.63
"HD 188091",22969,152.49095,"B9III",362.3,4.7
"HD 376935",21393,49.085923,"B0IV",914.7,7.9
"TYC 4253-606-1",4006,26567.790953,"K7Ib",498.6,-0.31
"HD 455365",17419,2.753717,"B6V",296.5,8.68
"HD 150252",13452,0.155379,"B4V",804.6,13.96
"WD 1491+276",6461,0.00214,"F3V",722.5,18.24
"HD 528111",6140,0.002024,"F6V",819.9,18.61
"HIP 84353",4364,33.420795,"K1IV",581.1,7.28
"HD 597019",8705,0.003379,"DA5",879.4,17.94
"HD 200494",2511,0.000033,"M2V",953,22
"HD 343369",8814,0.008429,"DA5",587.7,16.19
"TYC 4391-994-1",6414,357709.391855,"F5Ib",595,-2.61
"HD 867605",17137,1.698014,"B4V",920,11.55
"HD 391032",25530,726.995549,"B3III",986.8,5.06
"HD 172345",32473,55164.324863,"O5Ia",606.4,-0.58
"WD 2126+874",10565,0.000477,"DA4",81.5,15.2
"TYC 3834-835-1",12561,54734.121059,"B8Ib",942.8,0.23
"HD 774738",2932,0.00015,"M4V",881.4,21.51
"HD 721022",17209,2.328715,"B6V",623.4,10.37
"HD 142548",4292,0.000519,"K4V",638.8,19.52
"HD 963817",2712,0.000058,"M7V",923.9,22
"HIP 44465",3662,22.658281,"M9IV",570.9,7.43
"HD 279813",2729,0.000107,"M2V",939.6,22
"HD 970892",18360,6.958877,"B5V",815.2,9.71
"HD 110775",32474,21779.377709,"O4Ia",949.1,1.38
"HD 178109",15120,0.650235,"B9V",321.3,10.2
"HD 199642",2894,0.000159,"M9V",731.1,21.16
"HD 812368",28743,3311.458946,"B4III",782,2.8
"WD 1236+610",18640,0.00096,"DA2",665.9,18.92
"HD 742478",21186,21.035711,"B0IV",470.2,7.57
"HD 376954",32346,27011.770971,"O2Ib",914.9,1.11
"HD 366911",11445,0.019419,"B2V",907.9,16.38
"HD 459033",2863,0.00004,"M4V",442.4,21.51
"HIP 37829",4643,126.173647,"K0III",561.9,5.74
"HD 344591",14326,0.283873,"B2V",219,10.35
"HD 839544",4306,0.000546,"K5V",950.6,20.35
"HD 329468",6668,0.001532,"F9V",382.2,17.34
"HD 597372",28253,2973.062983,"B1III",664.5,2.62
"HD 808169",2622,0.000135,"M5V",479.9,20.17
"HD 920878",5291,0.00035,"G5V",53.7,14.43
"HD 245709",13198,0.154734,"B5V",340.2,11.97
"HD 781015",2560,0.000104,"M3V",260.1,19.24
"HD 643783",11481,0.015693,"B3V",188.3,13.3
"HD 793522",15401,0.416262,"B3V",380.1,11.05
"HD 967996",32830,119867.819043,"O6Ia",139.3,-3
"HD 676574",6511,0.000523,"F1V",687,19.64
"HD 612201",20931,33.455112,"B8IV",678.7,7.45
"HD 614902",27781,5240.73421,"B8III",857.3,2.53
"HD 177070",3296,0.000149,"M4V",187.4,18.32
"HIP 31865",5659,486.561611,"G7III",791,5.23
"HIP 11193",5049,148.819303,"K6III",874.2,6.59
"HIP 24900",4288,113.649899,"K2III",991.2,7.16
"HD 343471",24486,417.088795,"B5III",604.5,4.39
"HD 505362",17652,3.684198,"B1V",636.9,9.89
"HD 330363",25899,1989.431066,"B4III",406.8,2.15
"HD 948797",16391,2.370491,"B5V",617.4,10.4
"HIP 6588",4718,187.084433,"K9III",914,6.47
"HD 760912",7726,0.002511,"A3V",599.9,17.77
"HD 456754",2520,0.000065,"M6V",556.2,21.51
"HD 762593",20265,9.754502,"B3V",680.4,8.97
"WD 5617+826",16594,0.000924,"DA3",681.2,18.97
"HD 762353",6447,0.001223,"F1V",822.4,19.25
"HD 837394",24177,168.852808,"B7III",333.6,4.2
"HD 167488",6437,0.000921,"F3V",465.1,18.02
"WD 6862+508",10829,0.000089,"DA4",945,22
"TYC 7879-190-1",6831,30416.278205,"F4Ib",873.1,0.82
"HD 124886",5266,0.000498,"G3V",598.9,19.46
"HD 864557",5426,0.000743,"G0V",523.6,18.71
"HD 617400",8838,0.010226,"A8V",585.5,16.18
"HD 386626",20232,9.847142,"B0V",979.8,9.67
"HD 980928",31114,47175.42664,"O8Ia",530,-0.84
"HD 900766",34412,424436.327237,"O3Ib",226,-3
"HD 930197",4433,0.000348,"K2V",667.9,20.02
"HD 975420",17613,1.508169,"B5V",702,10.93
"HD 540824",23600,154.205277,"B8III",298.6,4.2
"TYC 4181-488-1",11762,96408.494391,"B1Ia",919.6,-0.2
"HD 428025",7057,0.003177,"F9V",477,16.95
"HD 905178",10177,0.038474,"B0V",94.5,10.74
"HIP 7902",3786,196.696318,"K8III",508.1,5
"HD 185972",7224,0.002414,"F7V",992.3,18.81
"HD 847089",21556,15.553007,"B5IV",673.3,8.41
"HD 890512",14672,0.265,"B1V",563.8,12.43
"HD 843239",15591,0.419925,"B4V",200.2,9.61
"HD 720402",10249,0.009688,"DA4",244.8,14.39
"HD 925779",2569,0.000117,"M2V",375.4,19.83
"HD 268401",19545,16.737661,"B2IV",521.6,7.73
"WD 7568+246",8851,0.001843,"DA5",632.9,18.3
"HIP 39079",3684,90.664772,"M7IV",697.4,6.58
"HD 153129",34436,617337.963269,"O0Ia",303.7,-3
"HD 538375",30051,14363.815411,"O5Ia",463.4,0.3
"HD 885279",11494,0.151764,"B7V",939.9,14.26
"HD 108921",2510,0.000212,"M1V",935.8,21.33
"HD 604710",9039,0.016553,"A3V",347.4,14.24
"HIP 38424",4570,230.870687,"K8III",917.6,6.1
"HD 886210",8088,0.003693,"DA6",998.9,18.3
"HD 516894",5534,0.000618,"G6V",329.2,17.97
"HD 311068",31703,16930.874154,"O0Ib",991.1,1.62
"HD 787597",12715,0.066299,"B5V",812.9,14.61
"HIP 3754",3197,72.474376,"M1IV",904,7.32
"WD 9108+195",9905,0.00061,"DA5",714.5,19.52
"HD 646518",5418,0.000553,"G6V",611.4,19.43
"HD 521745",6292,0.000798,"F0V",333.8,17.66
"HD 213286",9140,0.008894,"DA5",828.7,16.84
"HD 947730",31580,26732.865638,"O6Ia",908.4,1.21
"HIP 53781",4210,67.413393,"K7IV",756.8,7.22
"HD 540890",4052,0.000065,"K2V",613.1,21.58
"HD 985356",24334,130.939374,"B5III",662.3,5.91
"HD 348172",20797,19.836112,"B8IV",131.3,4.45
"HD 282402",32474,98683.868445,"O6Ib",793.7,-0.65
"HD 108223",13565,0.19759,"B8V",893.9,13.85
"HD 981835",21542,9.016792,"B6V",703.9,9.3
"HD 414977",20252,26.0193,"B7IV",264.2,5.79
"HD 258751",10410,0.030583,"B5V",681.1,15.21
"HD 407313",6353,0.00146,"F6V",168.5,15.5
"HD 133371",11910,0.033983,"B1V",798.5,15.59
"HD 980599",3186,0.000091,"M4V",860,22
"HD 823697",4756,0.000327,"K7V",898.7,20.68
"WD 3495+558",18583,0.008564,"DA2",963,17.31
"TYC 9933-113-1",5725,67735.557932,"G6Ib",740.4,-0.46
"HD 574922",13726,0.305799,"B4V",892.8,13.36
"HD 899537",22051,61.873792,"B2IV",70,2.06
"WD 3230+928",12662,0.000263,"DA3",620.9,20.2
"HIP 78169",4528,101.821053,"K1III",984,7.21
"HD 399204",13638,0.240275,"B1V",429.2,11.94
"HD 389486",10131,0.021777,"B9V",904.8,16.2
"HD 755658",6396,0.001004,"F4V",599.4,18.9
"HD 242938",4763,0.000649,"K3V",991.2,20.23
"HIP 113380",4128,341.434116,"K4III",659.3,4.87
"HD 449337",4529,0.000171,"K8V",962.2,21.61
"WD 4735+390",11296,0.000554,"DA4",299.6,17.68
"HIP 113575",4228,222.555952,"K4III",590.5,5.4
"WD 1450+308",7423,0.000301,"F7V",946.8,21.13
"HD 331650",19504,18.560551,"B2IV",254.2,6.15
"HD 213031",15054,0.180865,"B4V",690.1,13.38
"HD 140790",2969,0.000067,"M4V",867.2,22
"HIP 113523",4768,91.28734,"K4IV",704.1,6.58
"HD 321745",6368,0.001811,"F9V",909.1,18.93
"TYC 7750-262-1",16548,112596.22569,"B8Ib",778.4,-0.86
"HD 865397",4595,0.000226,"K7V",353.1,19.01
"HD 478431",3160,0.00007,"M0V",787.9,22
"HD 761441",4824,0.000216,"K2V",858.4,21.02
"HIP 7801",3960,162.127122,"K7III",895,6.59
"HD 208293",14726,0.180248,"B9V",915.6,13.79
"HD 216885",14242,0.250326,"B2V",760.6,13.08
"HD 793301",3485,0.000252,"M8V",446.1,19.55
"HD 887172",2507,0.000117,"M4V",965.1,21.95
"HD 383261",4303,0.000854,"K6V",767.2,19.42
"HD 294608",12433,0.070156,"B8V",156.2,11
"HD 145963",5705,0.000487,"G7V",526.6,19.19
"HD 366898",10193,0.017319,"B6V",408.4,14.62
"HD 983938",2710,0.000052,"M0V",850.8,22
"HD 708801",13436,0.740972,"B1V",788.4,12.1
"WD 7823+725",8046,0.000112,"DA6",809.5,21.87
"HD 670453",10114,0.062476,"B6V",926.7,15.17
"HIP 112833",4322,303.543552,"K0III",981.3,5.99
"HD 604876",10722,0.038784,"B8V",685.7,14.85
"HD 374676",11793,0.023015,"B6V",695.1,15.64
"HD 297582",17895,10.219187,"B3IV",854.4,9.48
"WD 9332+598",9314,0.000558,"DA5",628.7,19.44
"HD 395723",5819,0.00129,"G9V",786.9,19.02
"HD 129115",14403,0.156335,"B4V",684.7,13.35
"HIP 106363",4475,369.873572,"K7III",315.4,3.41
"HIP 114997",5496,34.674404,"G7IV",214.1,4.79
"HD 226981",2530,0.000108,"M4V",481.7,20.67
"HD 770643",3293,0.000126,"M4V",380.5,20.06
"HD 678237",3421,0.000089,"M5V",768.4,21.94
"HD 824193",29677,13370.101636,"B7Ib",950.6,1.87
"HD 475510",4839,0.001126,"K1V",858.9,19.36
"HIP 118237",3114,191.692316,"M0III",332.7,4.25
"WD 1370+516",20889,0.002514,"DA2",304.6,16.23
"HD 173827",29956,15385.417801,"B2Ib",922.4,1.5
"HD 425807",10561,0.011045,"B1V",990.9,16.99
"WD 8475+103",22349,0.000541,"DA2",725,19.8
"HD 373060",5615,0.000817,"G8V",787.3,19.51
"HD 351452",18616,5.707249,"B8V",989.5,10.3
"HD 891573",25942,659.359667,"B3III",616.9,4.03
"HD 170501",3325,0.000171,"M3V",470.2,19.98
"HD 684568",24490,195.35053,"B3III",377.6,4.31
"HD 439621",6540,0.001319,"F0V",779.9,18.86
"HD 792734",5041,0.001535,"K8V",805.5,18.76
"HD 670518",8677,0.005487,"DA5",945.4,17.8
"HIP 81169",3463,22.609706,"M9IV",665.8,8
"HD 162351",5866,0.001948,"G8V",983.5,19.06
"WD 7135+764",20759,0.001468,"DA2",806.1,19.01
"HD 239867",2866,0.000083,"M0V",875.2,22
"HD 741255",9833,0.02409,"A7V",942.6,16.2
"HD 309313",4565,0.000191,"K4V",757.2,20.91
"WD 6627+212",15594,0.000599,"DA3",993.1,20.38
"HD 138116",33813,543458.854302,"O7Ib",761.5,-2.85
"WD 9576+857",17827,0.001405,"DA2",734.1,18.72
"WD 6935+947",21753,0.002728,"DA2",652.6,17.6
"HD 824975",3070,0.000043,"M7V",945.1,22
"HD 118397",30087,15058.228079,"O3Ia",859.5,1.6
"HIP 2462",5114,638.556768,"K3III",429.1,3.61
"HD 914363",26033,931.751374,"B1III",965.8,4.77
"HD 197768",2878,0.000139,"M6V",310.8,19.34
"HD 312981",9575,0.011026,"A5V",918.7,17.12
"HD 608491",13158,0.117708,"B6V",880.8,14.18
"HD 497531",11013,0.035038,"B1V",308.7,13.59
"HD 498205",22111,52.107786,"B7IV",868,7.86
"HIP 108512",3000,609.549967,"M0III",425.7,3.59
"HD 593748",25362,232.084453,"B0III",473.1,4.74
"HD 407162",13421,0.052466,"B2V",722.7,14.67
"HIP 53341",5235,149.250792,"G1III",770.5,6.27
"HD 499395",2708,0.000085,"M4V",566.6,21.22
"HD 913371",2988,0.000069,"M8V",430.2,20.83
"HIP 52433",5043,90.817407,"K2IV",553.2,6.04
"HD 495020",13669,0.139163,"B3V",989.6,14.32
"HD 817455",8884,0.0035,"DA5",974.2,18.2
"HD 492347",18127,7.835297,"B4V",359.8,7.83
"HD 665722",24276,389.960841,"B1III",952.2,5.8
"HD 660442",9832,0.022292,"A2V",898.8,16.16
"HD 604224",17104,2.186061,"B7V",776.4,10.83
"HD 608856",8137,0.007382,"DA6",285.5,14.97
"HD 997868",22858,176.258153,"B1III",737.3,5.97
"WD 8352+571",17910,0.001104,"DA2",931.1,19.43
"WD 1050+770",24415,0.000338,"DA2",372.4,18.73
"HD 407447",32800,51391.100899,"O0Ib",971.5,0.36
"HD 933182",34073,129180.82296,"O7Ib",221.5,-3
"HD 133466",10319,0.006825,"DA4",895.7,17.27
"HD 146002",29114,5171.210026,"B2III",640.4,1.95
"HD 513595",7778,0.001073,"A6V",956.7,19.68
"HD 830555",23131,232.797222,"B6III",674,5.48
"HD 327802",12283,0.073599,"B1V",517.4,13.71
"WD 3476+166",21211,0.001204,"DA2",841.2,19.06
"TYC 2394-637-1",5651,285769.104399,"G4Ib",894.3,-1.6
"HD 619489",9348,0.008201,"DA5",983.8,17.51
"TYC 4895-407-1",12823,93427.462491,"B4Ib",818.8,-0.8
"HD 786443",10263,0.017282,"B3V",503.6,15.11
"WD 5724+471",19409,0.000983,"DA2",707.5,19.03
"HD 762873",7764,0.004246,"A7V",562.4,16.96
"HD 748542",4287,0.000782,"K4V",339.3,17.79
"HIP 79516",4666,48.946789,"K3IV",513.8,6.6
"HD 350075",5870,0.001146,"G1V",774.2,19.17
"HIP 105951",5278,43.507701,"G3IV",999.6,8.1
"HD 406656",2572,0.000087,"M9V",602.1,21.4
"HD 878998",19891,14.32283,"B1IV",381.1,7.27
"HD 930192",17513,5.124689,"B8V",514.7,9.38
"TYC 4878-761-1",16270,3314.047038,"B2III",343.2,1.03
"WD 5955+402",11182,0.001155,"DA4",482.5,18.18
"HIP 39602",5044,65.762454,"K5IV",500.6,6.1
"HD 675082",7145,0.001678,"F4V",590.2,18.02
"HD 275295",28480,1572.920087,"B6III",596.3,3.02
"HD 319813",7116,0.00156,"F7V",951.8,19.23
"HIP 18635",5508,166.066127,"G0III",779.3,6.32
"HD 889380",5585,0.002569,"G3V",469.4,17.09
"WD 5309+817",8587,0.000179,"DA5",192.5,18.09
"WD 5598+512",11644,0.004696,"DA4",474.7,16.44
"HD 719886",26688,1186.178419,"B4III",701,3.64
"HD 230821",17774,1.519502,"B4V",872.2,11.37
"HD 100148",3693,0.000125,"M5V",724.3,21.39
"HD 348343",26390,1015.823669,"B8III",937.5,4.42
"HD 251121",18409,1.474631,"B6V",870.7,11.39
"HD 879367",9338,0.014281,"A3V",850.1,16.43
"HIP 96689",3805,146.743154,"K1III",776.1,6.28
"HD 937237",20073,6.850379,"B5V",666.8,9.39
"HD 527033",17902,3.719805,"B3V",805.6,10.59
"HD 935831",31778,98691.657563,"O4Ib",578.2,-1.38
"HD 435755",9906,0.008352,"DA5",492.5,16.16
"HD 594443",34392,294762.743694,"O2Ia",997.1,-1.41
"HD 640176",4124,0.000261,"K1V",481.7,19.7
"HD 815243",10468,0.027733,"B9V",633.9,15.16
"HD 926699",2660,0.000091,"M3V",901,22
"HD 252880",19369,13.025098,"B2IV",552.1,8.16
"HD 972536",34296,349796.208381,"O7Ia",655.5,-2.41
"HD 773885",3964,0.000465,"K9V",839.2,20.12
"WD 4962+267",12913,0.001389,"DA3",923.8,19.32
"HD 747282",2972,0.000114,"M5V",706,21.21
"HD 835164",16693,1.627374,"B2V",434.1,9.78
"HIP 2016",4787,1564.270925,"K9III",858.1,3.91
"HD 549086",10028,0.027409,"B5V",764,15.72
"HD 804198",20516,41.537739,"B7IV",588.6,7.08
"WD 8278+304",9389,0.001124,"DA5",734.7,19.07
"HD 771893",25531,456.212346,"B9III",367.4,3.32
"HD 277425",27844,2661.55834,"B3III",553,2.51
"HD 782383",22235,195.052235,"B2III",450.6,4.94
"HIP 66423",4588,169.857821,"K5III",428.5,4.86
"WD 4201+654",24989,0.000828,"DA2",847.9,19.65
"HD 561337",7059,0.003995,"F2V",505,16.62
"HIP 53500",4465,319.907207,"K8III",793.6,5.63
"HD 793946",10695,0.019711,"B0V",887.7,16.31
"HD 215126",14536,0.682984,"B5V",958.5,12.51
"TYC 5559-133-1",22930,301134.405944,"B1Ib",609.6,-2.66
"HD 574448",21010,75.40027,"B8IV",657.5,6.61
"HD 200407",17544,1.605449,"B8V",572.2,10.51
"TYC 8015-670-1",3216,84927.023892,"M6Ib",277.6,-2.81
"HD 711311",4783,0.000538,"K6V",596,19.38
"HD 987529",4253,0.000449,"K2V",927.3,20.27
"WD 5634+276",17969,0.000168,"DA2",880.3,21.43
"HD 242658",7014,0.002302,"F7V",254.4,16.04
"HD 506583",5229,0.001571,"G1V",813,18.72
"HD 797501",6158,0.000724,"F4V",754.5,19.5
"HD 295468",29436,3275.652787,"B7III",841.4,3.04
"HD 692799",2876,0.000276,"M3V",914.9,21.02
"WD 2939+820",24600,0.000698,"DA2",753.9,19.48
"WD 5094+921",12334,0.000286,"DA4",983.9,21.06
"HD 568393",3499,0.000286,"M2V",157.1,17.12
"HIP 14216",4604,258.640767,"K7III",427.5,4.33
"WD 5723+798",23702,0.00092,"DA2",749.7,19.27
"HD 788011",5157,0.00095,"K8V",278.4,16.94
"HD 745212",27665,5084.185003,"B8III",701.1,2.23
"HD 384998",6883,0.002344,"F7V",798.3,18.28
"HD 144074",4624,0.000228,"K7V",305.6,18.88
"WD 1762+828",21122,0.000199,"DA2",847.5,21.19
"HD 196544",12403,0.128412,"B1V",136.2,10.28
"HD 744305",29749,9882.094088,"B9III",421,0.4
"HD 129377",5510,0.002376,"G1V",828.5,18.35
"TYC 7884-886-1",9535,102659.921818,"A9Ib",194.1,-3
"TYC 3766-262-1",7256,134292.509697,"F2Ia",521.2,-1.93
"WD 6243+697",13134,0.000192,"DA3",616.7,20.66
"HD 730653",26692,1204.619401,"B1III",755.1,4.06
"HD 579509",9845,0.008651,"DA5",478.7,15.82
"HD 235620",5801,0.0003,"G4V",881.9,21.02
"HD 383888",3784,0.000412,"K4V",741.8,20.07
"HD 937193",21243,43.563617,"B1IV",796.9,7.7
"HD 430720",3484,0.000262,"M3V",514.3,19.61
"HD 988030",3393,0.000144,"M4V",803.1,21.17
"HD 715504",2611,0.000053,"M9V",394,20.98
"HD 668090",3110,0.000247,"M4V",658.8,20.46
"HD 961728",2748,0.000046,"M1V",554.3,22
"HD 338883",10067,0.016899,"B4V",923.5,16.47
"WD 1832+716",8266,0.000268,"DA6",646.3,20.26
"HD 966342",9007,0.014145,"A7V",773.1,16.27
"WD 2119+765",21353,0.000819,"DA2",443.9,18.32
"WD 1778+489",22538,0.000335,"DA2",419,19.06
"HD 230829",13051,0.172219,"B2V",530.9,12.89
"HD 457259",3161,0.000064,"M7V",844.9,22
"HD 342071",4026,0.000511,"K5V",830.6,20.08
"HD 334549",17823,2.670784,"B6V",856.5,10.99
"HD 627303",33689,140011.959779,"O3Ia",689.4,-1.55
"HD 661349",3034,0.000311,"M3V",477.3,19.47
"HD 411397",2864,0.000075,"M6V",436.1,20.78
"WD 7884+525",23103,0.000973,"DA2",484,17.96
"HD 781211",3340,0.000115,"M1V",584.5,20.81
"HD 685921",3481,0.000088,"M1V",205.2,18.92
"HD 752429",22125,32.40972,"B3IV",675.2,7.66
"HD 647911",28328,1582.763422,"B8III",407.5,2.33
"HD 547715",6401,0.000867,"F4V",711.9,19.11
"HD 358577",9095,0.004724,"DA5",604.9,16.9
"HD 145003",29690,6608.210014,"B3III",410.4,0.7
"TYC 5868-487-1",11436,69866.949282,"B9Ia",951.8,-0.16
"HD 730224",17392,1.14345,"B0V",177.1,8.33
"HD 242982",16758,3.183487,"B2V",607.5,9.89
"HD 397172",6011,0.00052,"F0V",989.1,20.53
"HD 385073",8904,0.01111,"A6V",795.1,16.78
"HD 498657",19004,4.209601,"B8V",129.5,6.16
"HD 162528",6712,0.002949,"F9V",804.9,18.19
"HIP 54630",3312,79.052325,"M9IV",480.3,5.91
"HD 376415",9747,0.030019,"A4V",689.8,15.17
"HD 217789",3765,0.000195,"K2V",793.2,21.08
"HD 819748",34950,416070.078053,"O2Ia",702.5,-2.5
"WD 5488+180",21443,0.003623,"DA2",417.4,16.61
"HIP 98346",4409,87.112304,"K1IV",362.8,5.19
"HD 533389",2509,0.000114,"M2V",534.7,20.91
"HD 328730",31666,21279.262067,"O5Ia",818.4,1.04
"WD 1430+419",19410,0.000142,"DA2",925,21.7
"HD 968088",4477,0.00036,"K2V",586.5,19.86
"WD 3200+123",22509,0.000176,"DA2",730.6,20.86
"WD 3585+928",20053,0.000426,"DA2",543.1,19.43
"HD 985047",3455,0.000079,"M7V",943.5,22
"HD 472603",4917,0.000486,"K4V",698.5,19.94
"HD 949043",16090,1.21061,"B0V",543.5,10.76
"HD 483560",2501,0.000092,"M7V",651.3,21.5
"HD 343880",3993,0.000295,"K8V",972.8,21.03
"HIP 3899",4346,148.881046,"K8III",868.3,6.52
"HD 484953",9772,0.004043,"DA5",337.8,15.91
"WD 4151+399",24910,0.000181,"DA2",998.8,21.54
"HD 910829",18366,2.264634,"B8V",712,10.72
"HIP 29902",5269,48.533563,"G0IV",983.9,8.01
"HD 752289",33292,82928.657374,"O0Ia",654.7,-1.06
"HD 365209",4379,0.000264,"K6V",824.3,20.68
"HIP 91907",4888,72.359628,"K6IV",618,6.47
"HD 906211",21173,8.696345,"B8V",777,9.32
"WD 9055+308",19815,0.000825,"DA2",550,18.51
"HD 801164",5172,0.000359,"K8V",370.7,18.88
"HD 695737",3394,0.000478,"M6V",767.4,20.02
"HD 757665",18622,2.62404,"B9V",827.7,10.75
"WD 1666+790",19691,0.00163,"DA2",552.8,17.81
"HD 723800",32872,118483.814745,"O4Ia",946.6,-0.63
"HD 820932",19879,15.701293,"B6IV",849.2,8.9
"HD 557715",3088,0.00006,"M3V",340,20.5
"HD 523040",14850,0.184891,"B5V",508.4,12.6
"WD 4192+775",8552,0.001007,"DA5",760.9,19.27
"HD 383246",20226,4.907292,"B8V",774.6,9.95
"HD 887528",16331,1.802886,"B3V",936.3,11.5
"HD 164734",2675,0.000135,"M9V",386.1,19.98
"HD 428195",34047,271462.788054,"O7Ia",878.3,-1.67
"HD 670737",27221,1504.808262,"B8III",842,3.94
"HD 565399",24872,204.30453,"B0III",585.2,5.16
"HD 977196",26365,3937.288576,"B7III",639.4,2.19
"HD 836642",7675,0.002254,"A0V",924.6,18.68
"HD 422366",14304,0.493305,"B6V",324.9,10.48
"HD 450822",16625,1.899179,"B5V",531.7,10.16
"HD 381140",19820,7.862578,"B1V",721.1,9.45
"HD 722758",11846,0.084171,"B9V",743.2,14.41
"WD 9824+877",18263,0.000182,"DA2",940.3,21.36
"HD 727555",12285,0.047516,"B8V",719.5,14.82
"HD 325851",3585,0.000174,"M8V",705.4,20.86
"HD 467970",4277,0.000065,"K4V",640.5,21.76
"WD 1282+972",6594,0.000435,"F1V",812.7,20.17
"WD 6716+131",22913,0.000869,"DA2",987.3,19.88
"HD 116856",10384,0.022896,"B0V",894.1,16.21
"HD 740704",6328,0.0015,"F0V",689.6,18.64
"HD 261587",15231,0.761855,"B8V",750.4,11.76
"HD 902719",15202,1.601539,"B6V",448.8,9.99
"HD 306153",8837,0.003315,"DA5",907.5,18.2
"HD 252363",3883,0.000342,"K5V",780.5,20.27
"HD 300314",2697,0.00009,"M2V",949,22
"HD 734422",24983,310.645114,"B8III",646.7,5.04
"HD 178939",8688,0.010344,"A2V",890.2,16.92
"HD 355251",14323,0.146845,"B6V",778.8,13.78
"WD 3872+395",20188,0.000229,"DA2",921.3,20.94
"HIP 29633",3018,437.198996,"M6III",285,2.91
"TYC 2307-157-1",14424,26261.35097,"B3Ib",804.6,0.83
"WD 8285+490",8075,0.00296,"DA6",778.1,18.05
"HD 823612",17250,2.091643,"B7V",446.5,9.71
"HIP 57301",4075,652.376513,"K2III",825.6,4.83
"WD 7508+438",19172,0.000321,"DA2",211.4,17.67
"HD 591119",8771,0.003674,"DA5",915.5,18.16
"HD 608473",14177,0.303166,"B9V",279.1,10.83
"HIP 30530",3824,296.875115,"K4III",807.5,5.81
"HIP 68408",3761,138.072752,"K4III",532.1,5.65
"HD 730522",4251,0.000346,"K7V",875.8,20.72
"HIP 67382",3944,44.817065,"K6IV",887,7.94
"HD 647625",2930,0.000045,"M6V",945.5,22
"HD 401963",34229,335416.72603,"O5Ia",867.8,-1.95
"HD 597721",30400,4786.054134,"O0III",899.6,2.9
"HD 356383",22239,73.907375,"B2IV",729.8,6.87
"WD 7936+876",16279,0.001366,"DA3",919.9,19.36
"WD 6539+284",23836,0.001234,"DA2",733.2,18.93
"HD 791742",3720,0.000259,"K7V",716.7,20.6
"HD 689199",32298,101185.835487,"O9Ib",881.1,-0.42
"HD 391794",8820,0.004991,"DA5",998.1,18.04
"HD 521421",18641,5.141573,"B0V",919.3,10.13
"HD 301882",3485,0.000366,"M1V",546.5,19.7
"HD 451516",2511,0.00021,"M5V",663.7,20.37
"HD 627285",2997,0.000083,"M4V",418.7,20.57
"HIP 112522",3862,256.215152,"K7III",365.3,4.07
"HD 278882",3417,0.000153,"M3V",749.3,21.12
"HD 560500",27988,3355.569475,"B0III",495.8,1.81
"HD 733217",27138,3951.517395,"B7III",804.7,2.74
"HD 326765",23388,264.071339,"B8III",828.6,5.83
"WD 4670+425",17125,0.000555,"DA2",814.8,19.87
"HIP 41506",5595,47.630627,"G1IV",475.2,6.26
"HD 883205",5659,0.000874,"G1V",97,14.86
"HIP 60376",3426,84.36294,"M9IV",579.8,6.3
"HD 260854",12364,0.033708,"B0V",867.8,15.6
"HD 658899",6184,0.00121,"F1V",986.4,19.51
"HD 772507",8371,0.010506,"A2V",775,16.58
"HD 358729",33094,88427.510223,"O1Ib",841.1,-0.34
"HD 507990",20764,18.369998,"B6IV",534.3,7.72
"WD 9451+886",15365,0.000185,"DA3",133.6,17.25
"HD 667796",3029,0.000138,"M8V",591.6,20.73
"HD 517338",3397,0.000118,"M9V",784.3,21.64
"HD 105264",16189,0.685333,"B1V",164.4,8.86
"HIP 55215",4367,372.918629,"K8III",743.6,5.26
"HD 729571",29003,6314.160444,"B1III",796.5,2.19
"HD 869929",20416,8.472985,"B4V",674.9,9.23
"HD 445939",2677,0.000103,"M6V",770.5,21.76
"TYC 3560-119-1",4943,56842.962512,"K4Ia",931.8,0.26
"HD 440588",34363,329583.145213,"O7Ib",870.5,-1.77
"HD 588757",2776,0.000098,"M5V",584.9,21.04
"HIP 94162",3626,68.886374,"M0IV",987.1,7.63
"HD 597954",15152,0.442556,"B8V",938.4,12.98
"WD 7216+115",10904,0.000517,"DA4",982.5,20.44
"HD 726146",7015,0.001557,"F4V",893.5,19.08
"HD 478249",2908,0.000121,"M7V",280.5,19.29
"HD 613275",20628,15.872669,"B8IV",931.8,9.2
"HD 894364",23045,98.448313,"B8IV",669.7,6.32
"HD 315941",7009,0.000556,"F6V",831.3,20.12
"HD 123716",5536,0.000731,"G8V",813.3,19.44
"HD 193347",9232,0.002538,"DA5",910.9,18.5
"HD 213218",9526,0.029227,"A9V",867.6,15.77
"HD 553017",5273,0.000935,"G6V",408.8,17.93
"HD 417162",2500,0.000096,"M4V",461.4,20.6
"HD 731494",7849,0.007034,"A0V",889.1,17.23
"HD 706150",4834,0.000256,"K6V",551.2,19.92
"HD 895438",24844,246.105117,"B9III",544.6,5.04
"HD 977415",25264,1157.14864,"B2III",510.7,3.19
"HD 259951",4306,0.000558,"K9V",769.6,19.87
"WD 5998+751",21066,0.00015,"DA2",711.7,21.13
"HD 877986",4508,0.000415,"K1V",824.4,20.3
"HD 943031",8730,0.010057,"A4V",231.4,14.08
"HD 688828",34193,249269.506979,"O9Ib",800.9,-1.75
"HD 482839",2992,0.000057,"M9V",381.6,20.86
"HD 443349",21088,10.914639,"B5IV",482.1,8.11
"HD 271944",34898,708290.400843,"O7Ib",296.5,-3
"WD 5001+496",23507,0.006148,"DA2",552,16.53
"HD 512762",14560,0.172262,"B2V",523,12.73
"HD 897116",4739,0.0001,"K9V",612.8,21.29
"HD 420883",3451,0.00029,"M3V",557.4,20.04
"HIP 21710",4427,103.02737,"K5III",656.4,6.28
"HD 266541",3008,0.000166,"M9V",185.6,18.18
"HD 528537",2964,0.00003,"M1V",450.2,21.86
"HD 183832",7105,0.001477,"F0V",753.8,18.72
"TYC 5318-827-1",18800,37452.234647,"B8Ia",301.6,-1.72
"HD 921908",16468,3.188005,"B2V",969.3,11.12
"HD 586427",29411,13549.275463,"B1Ia",577.7,0.72
"HD 350506",26663,1360.654283,"B1III",952.9,4.33
"HD 738969",8082,0.001775,"DA6",669,18.22
"HD 643562",3039,0.000208,"M4V",734.2,20.98
"HD 914187",8772,0.004008,"DA5",918.8,18.09
"HD 455646",6918,0.001594,"F5V",236.9,16.28
"HD 134933",9340,0.009175,"DA5",847.7,16.85
"WD 2682+683",14551,0.000394,"DA3",686.6,19.94
"HD 613430",13155,0.119629,"B3V",483.6,13.02
"HIP 117936",3172,180.196783,"M3III",918.7,6.34
"HD 609176",2508,0.000103,"M3V",705.5,21.53
"HD 857003",25356,736.816637,"B4III",921.3,4.78
"HD 715183",9398,0.010814,"A4V",987.9,17.02
"HD 256632",11990,0.061212,"B1V",745.9,14.72
"HIP 95557",3992,126.139535,"K8III",850,6.72
"HD 898506",3046,0.000215,"M2V",750.9,20.83
"HD 874401",3342,0.000058,"M3V",459.4,21.14
"HD 271097",2848,0.000106,"M2V",259.2,19.46
"HD 525521",13742,0.629729,"B9V",884,12.5
"WD 6110+292",12385,0.00164,"DA4",926.7,19.01
"WD 9000+502",8892,0.00024,"DA5",479.8,19.85
"HD 688445",11979,0.060974,"B3V",836.3,14.99
"HD 295895",29114,8857.663861,"B9III",684.1,1.32
"HD 600859",33139,36767.44353,"O9Ib",839,0.33
"HD 186198",5716,0.000747,"G7V",246.4,17.04
"HD 190535",31489,86712.077592,"O6Ia",681.9,-0.85
"HD 166519",31235,7562.055098,"O4III",708.4,1.81
"HD 297201",16208,0.759747,"B3V",697.1,11.84
"HD 850485",13946,0.046017,"B1V",422,13.78
"HIP 83175",3349,301.51283,"M2III",998.2,6.02
"HD 156768",21750,31.802004,"B0IV",940.1,8.35
"WD 9359+685",17024,0.003072,"DA2",754.8,17.84
"HD 998294",11183,0.017033,"B5V",569.8,15.45
"HD 305830",6697,0.005075,"F7V",972,17.87
"HD 329837",31871,33345.20637,"O3Ib",907.3,0.68
"HIP 15996",3900,144.84374,"K7III",413.5,4.86
"TYC 6473-954-1",14132,136548.763506,"B6Ib",725.5,-1.23
"HD 808328",3086,0.000223,"M0V",995.7,21.25
"HIP 16161",5120,637.982437,"K0III",404.7,3.37
"WD 9298+945",14059,0.000887,"DA3",728.7,19.06
"HIP 90647",4735,315.626571,"K8III",709.3,5.32
"HIP 118681",3779,167.926436,"K2III",884,6.58
"HD 160395",22948,78.553853,"B6IV",960.8,7.29
"HD 333136",4823,0.000249,"K6V",120.5,16.87
"HD 854378",23661,58.717998,"B0IV",555.1,6.57
"HD 434022",4675,0.000895,"K0V",635.7,19.07
"HD 936899",13080,0.087241,"B5V",956.1,14.82
"HIP 22248",4970,24.983822,"K5IV",316.2,6.4
"HD 720045",3831,0.000313,"K2V",557.8,19.69
"HIP 28593",4165,156.260961,"K6III",452.8,4.97
"HD 805000",12424,0.021029,"B6V",787,15.91
"HD 139950",25595,768.401096,"B1III",879.7,4.77
"HD 817868",3748,0.000753,"K9V",844.4,19.66
"HD 202206",7275,0.00296,"F4V",530.2,17.23
"HD 250450",2755,0.000234,"M4V",947.2,21.07
"HD 465783",3978,0.000124,"K5V",845.1,21.7
"WD 6557+799",21794,0.00231,"DA2",391.1,16.85
"HIP 24725",4527,33.189995,"K2IV",968.9,8.35
"HD 752874",11320,0.0422,"B4V",317.6,13.26
"HD 698501",18536,6.028702,"B1V",852.8,9.98
"HD 113388",3398,0.00008,"M8V",877.8,22
"HD 114754",5984,0.004083,"G7V",893.5,18.01
"WD 3042+539",14368,0.000503,"DA3",617.2,19.45
"HD 878286",15165,0.770539,"B1V",585.1,11.25
"HIP 20602",4630,564.018047,"K1III",653.5,4.25
"HIP 78883",3129,48.983223,"M2IV",325.5,5.61
"HD 932028",2644,0.000188,"M9V",980.1,21.42
"HD 491619",3533,0.000274,"M2V",612.8,20.26
"HD 106107",13094,0.109903,"B7V",623.7,13.55
"HD 705101",15780,1.781005,"B8V",733.1,10.91
"HD 391069",9132,0.013597,"A0V",564,15.71
"HD 395222",15798,0.55475,"B8V",731.1,12.16
"HD 219586",7406,0.001351,"F2V",836.3,18.96
"HD 643795",9578,0.015388,"A0V",673.3,15.87
"HD 717332",20227,17.473306,"B7IV",839.8,8.77
"HD 758954",31824,31328.146055,"O0Ib",316.9,-1.63
"HD 463443",2828,0.000104,"M3V",405.8,20.37
"HD 475336",23601,127.786359,"B8III",779.4,6.26
"HD 840420",21722,19.386646,"B0IV",833.9,8.58
"HD 823250",24840,556.431257,"B0III",617.5,4.22
"HIP 64069",3995,293.099906,"K8III",185.9,2.56
"HD 388558",9703,0.012976,"A5V",931,16.79
"HD 837912",27766,785.339968,"B0III",551.3,3.75
"WD 4799+520",11917,0.000557,"DA4",969.5,20.34
"HD 934943",23558,190.158457,"B0III",968.7,6.59
"HD 249930",4979,0.000607,"K5V",969.2,20.24
"HD 102413",31657,54182.336937,"O0Ib",918.4,0.43
"HD 458553",7369,0.007023,"F3V",977.2,17.86
"HD 662988",11004,0.069885,"B7V",789.6,14.68
"HD 287109",4648,0.000491,"K5V",562.1,19.3
"HD 246141",4378,0.000319,"K8V",742,20.49
"HD 592379",11744,0.089407,"B2V",834.9,14.4
"HIP 93287",5316,290.531678,"G5III",787.6,5.82
"HD 519257",11292,0.006994,"DA4",939.8,17.38
"HD 502024",5681,0.000664,"G0V",245.2,17.2
"HIP 52948",3709,94.94037,"K4IV",746.6,6.72
"HD 500377",23996,73.646209,"B1IV",384.3,5.44
"HD 332336",21243,25.454169,"B1IV",39.4,1.74
"HIP 100025",4519,307.249523,"K3III",736.8,5.39
"HD 228130",12262,0.021615,"B6V",765.2,16.06
"HD 427896",2550,0.000199,"M6V",231.5,18.3
"HIP 107473",3390,413.944441,"M3III",871.2,5.22
"WD 8761+562",15114,0.000334,"DA3",146,16.66
"HD 552442",25059,328.483982,"B9III",293.4,3.26
"HD 822349",6207,0.000391,"F7V",701.7,19.88
"HD 770047",12456,0.153931,"B7V",226.6,11.18
"HD 268266",4260,0.000596,"K3V",860.6,20.12
"HD 786170",26859,2698.467544,"B4III",213,0.27
"HD 151364",12617,0.033455,"B7V",371,13.86
"WD 7855+354",12130,0.000917,"DA4",506.2,18.25
"HD 149243",17473,6.19406,"B5V",320.9,7.77
"HD 992212",2953,0.000087,"M8V",746.3,21.74
"HIP 67508",4158,89.073842,"K8IV",878.5,7.15
"HD 945161",3669,0.000291,"M4V",469.4,19.45
"HD 731654",3690,0.00019,"M2V",749.5,20.98
"HD 648505",2616,0.000214,"M3V",221.5,18.12
"HIP 60997",3707,37.04138,"K4IV",723.7,7.52
"HIP 31835",4835,988.199816,"K7III",283.7,1.99
"HIP 92885",4059,234.415789,"K6III",842.2,5.95
"HIP 63456",4709,1078.880783,"K0III",227.4,1.45
"HD 233712",4915,0.000217,"K1V",591.8,20.29
"HD 196907",24326,349.004595,"B9III",724,4.99
"WD 5957+623",7583,0.001397,"A9V",794.9,18.96
"HD 633940",13354,0.209579,"B2V",800.4,13.45
"HD 787419",4976,0.000332,"K1V",846.5,20.6
"HD 390452",18267,4.932795,"B2V",944,10.27
"HIP 9735",4974,607.257503,"K5III",375.6,3.1
"TYC 1501-703-1",6058,22302.061844,"F5Ia",844.4,0.94
"HD 353104",32242,27341.946942,"O0Ib",638.7,0.13
"HD 420307",13115,0.244658,"B0V",268.7,10.91
"HD 407802",2855,0.000323,"M8V",881.2,20.63
"HD 549730",7859,0.002224,"A5V",824.3,18.57
"HD 212206",31282,16984.955467,"O9Ia",944.6,1.78
"HD 307493",13084,0.058465,"B9V",840.1,14.78
"WD 2080+810",21485,0.000967,"DA2",933.4,19.61
"HD 738696",2565,0.000092,"M1V",726.3,21.58
"HD 349585",14280,0.698731,"B1V",439.9,10.78
"WD 2033+334",8835,0.000313,"DA5",907.3,20.78
"HD 792233",17891,5.411908,"B3V",804.5,9.93
"HD 724774",4033,0.000463,"K1V",772.3,19.96
"HD 718870",14208,0.178817,"B3V",734.2,13.3
"HD 794093",24047,147.686108,"B3III",523.3,5.55
"WD 3100+918",20129,0.000221,"DA2",249.7,18.31
"HD 820117",16395,0.597464,"B1V",946.6,12.61
"WD 1316+391",24215,0.000334,"DA2",679.7,20.26
"HD 177332",23832,281.478751,"B7III",711.6,5.35
"HD 646647",22236,55.051085,"B7IV",391.5,5.88
"HD 976738",3859,0.000368,"K1V",487.4,19.28
"HD 468325",24190,77.854686,"B4IV",553,6.31
"HD 197249",3323,0.000219,"M9V",692.3,20.47
"WD 6715+224",9792,0.000341,"DA5",379.5,18.78
"HIP 19588",4427,73.014279,"K3IV",997.1,7.7
"HD 805140",4792,0.000118,"K3V",985,22
"HD 377577",32593,79839.21134,"O2Ib",924.9,-0.12
"WD 5823+199",18383,0.000333,"DA2",956.9,20.73
"HD 619961",26793,2083.182067,"B6III",885.1,3.6
"HD 910999",23819,173.540824,"B1III",612.3,5.6
"HIP 62914",5571,339.072472,"G9III",646.2,5.13
"HD 774872",3693,0.000145,"M8V",835.3,21.5
"HD 784810",17802,2.065428,"B0V",838,11.17
"WD 8387+598",12143,0.000839,"DA4",893.4,19.52
"WD 3923+469",9431,0.000285,"DA5",983.7,21.06
"HD 786120",18514,3.488186,"B8V",578.7,9.79
"HD 761028",29027,5402.704619,"B6III",970.9,2.88
"HD 483498",16876,2.474524,"B6V",903,11.14
"HD 623640",6010,0.000993,"F3V",452,18.13
"HD 352228",6556,0.000652,"F7V",903.7,20.02
"WD 1231+213",23897,0.000198,"DA2",848.5,21.23
"HD 176590",6229,0.000624,"F6V",758.5,19.63
"HD 590468",30355,20803.937907,"O4Ib",639.4,0.49
"HD 162712",6094,0.001521,"F8V",406.4,17.45
"HD 756133",25569,470.596845,"B4III",563.3,4.36
"HIP 51077",3537,197.631109,"M1III",817,6.05
"HD 243336",11254,0.035846,"B9V",436,14.04
"HD 930691",29723,1804.100297,"B6III",817.5,3.74
"HD 968920",22488,177.123055,"B1III",420.4,4.95
"HD 335321",9599,0.016457,"A4V",739,16
"HD 620931",23739,271.101664,"B9III",716.8,5.38
"HD 963251",19072,8.675645,"B4V",894.4,9.6
"TYC 4658-740-1",23185,80423.851969,"B6Ia",902.1,-0.12
"HD 729137",2992,0.000139,"M4V",473,20.09
"HIP 8231",4091,68.512179,"K6IV",778.6,7.15
"HIP 37908",3369,59.651021,"M8IV",285.9,5.04
"HD 456899",18214,8.670406,"B2V",916.1,9.8
"HD 108856",19060,14.99595,"B0IV",673.9,8.51
"HD 579437",2876,0.000115,"M4V",958.9,22
"WD 9756+201",8455,0.000762,"DA5",965.5,20.02
"HIP 115450",3070,65.872332,"M4IV",433.3,5.8
"HD 686024",10933,0.058439,"B8V",439.8,13.51
"HD 122682",4463,0.000481,"K7V",933.5,20.51
"HD 515311",9098,0.010162,"A5V",978.5,17.24
"HD 628346",2953,0.000137,"M8V",625.6,20.89
"HD 167899",4144,0.000199,"K8V",687.7,20.77
"HD 546601",7999,0.001699,"A1V",661,18.33
"HD 476493",10846,0.044662,"B4V",740.2,14.85
"HD 123888",29522,19520.561155,"B1Ia",865.4,1.25
"HD 103773",8340,0.007214,"DA6",774.3,17.08
"HD 502453",24182,87.608245,"B5IV",931.5,7.14
"HD 687884",28861,1376.701349,"B5III",940.5,4.09
"HD 777959",19872,23.774433,"B6IV",408,6.88
"HD 850653",3724,0.000357,"K9V",935.6,20.68
"HD 765254",16455,1.148732,"B7V",268.6,9.29
"WD 5495+503",13736,0.001761,"DA3",455,17.45
"HD 958336",8375,0.008294,"DA6",505.7,15.91
"HD 993619",3761,0.000274,"K5V",315.8,18.69
"HD 109233",34580,382181.618924,"O2Ia",957.1,-1.75
"HD 298544",15603,0.196297,"B7V",455.6,12.38
"WD 2600+315",10220,0.001397,"DA4",486.8,17.8
"TYC 3876-392-1",19371,58963.380352,"B4Ib",874.9,0.08
"HD 218881",15272,0.201054,"B9V",494.6,12.44
"HD 526818",31761,8492.614238,"O4III",809,2.04
"HD 661052",8147,0.003531,"DA6",253.8,15.25
"HD 259081",27930,3324.87362,"B5III",388.5,1.45
"WD 8651+766",12911,0.000575,"DA3",700.9,19.58
"HD 909064",30702,9089.187058,"O2III",991.4,2.22
"HD 504041",23199,129.403324,"B8III",760,6.42
"HIP 96305",3953,51.60771,"K9IV",699.6,7.16
"HD 338991",30436,23547.015206,"O6Ib",373.2,-0.83
"HD 755161",19644,17.611567,"B6IV",577.5,7.88
"HD 667414",10728,0.02426,"B1V",592.5,15.19
"HD 227459",5297,0.000914,"G8V",48.7,13.29
"HIP 36250",4334,303.447504,"K5III",862.2,5.57
"WD 5914+577",16701,0.000831,"DA3",633.2,19.05
"HD 775859",5472,0.000312,"G5V",357,18.66
"HD 566180",8009,0.003815,"DA6",822.3,17.74
"HD 398319",2625,0.000393,"M8V",603.1,19.8
"HD 780651",27489,5611.571677,"B1III",639.1,2.07
"HIP 28793",3887,136.552666,"K6III",397.2,4.96
"HD 304393",22821,230.409603,"B4III",867.1,6.19
"HIP 106693",4005,371.256566,"K3III",744.8,5.1
"WD 9327+328",24748,0.000323,"DA2",605.8,20.03
"WD 3919+873",17517,0.000345,"DA2",91,15.83
"HD 702618",33393,105345.071039,"O9Ia",405.8,-2.35
"HD 846250",6527,0.000665,"F5V",834.9,19.75
"HD 210552",25353,823.325696,"B3III",828.9,4.69
"HD 939707",11865,0.045427,"B3V",278.8,12.81
"HD 781389",4765,0.000705,"K1V",887.9,19.76
"WD 2580+814",8669,0.000306,"DA5",321.3,18.48
"HD 223293",7455,0.005783,"F9V",908.7,17.55
"HIP 94463",4537,148.448637,"K7III",870.6,6.44
"HD 531180",19584,12.771108,"B0IV",989.4,9.66
"WD 8892+942",7884,0.001856,"A8V",123.7,14.65
"HD 396070",3268,0.000259,"M7V",711.9,20.37
"TYC 3469-921-1",3107,307223.537391,"M5Ib",955.1,-1.55
"HD 842454",30317,9938.008104,"O6III",731.2,1.44
"HIP 79513",5184,318.154595,"K5III",324.8,3.53
"HD 480868",14257,0.406547,"B2V",644.9,12.43
"HD 464996",23933,63.404374,"B5IV",125.9,3.12
"HD 515120",2507,0.000138,"M9V",972.6,21.7
"HD 981289",13521,0.258145,"B8V",857.1,13.32
"HD 705280",13942,0.19734,"B2V",950.6,13.96
"HD 617366",12938,0.055896,"B7V",872.7,15.12
"HD 260966",5270,0.000615,"G6V",961,20.41
"TYC 3577-392-1",19840,13239.309426,"B8Ib",769.7,1.32
"HD 871344",14453,0.339669,"B9V",836.4,13.3
"TYC 1648-177-1",10841,114583.354267,"B7Ia",384,-2.24
"HD 509307",14310,0.159231,"B4V",682.6,13.31
"HD 393054",12750,0.114856,"B5V",690.4,13.78
"HD 490576",12817,0.155791,"B2V",379.7,12.23
"TYC 2221-895-1",8468,136975.035142,"A3Ib",982.5,-0.65
"HD 630285",2505,0.000134,"M3V",837.5,21.56
"HD 995592",34540,485955.605472,"O4Ib",999.3,-2.04
"HD 995724",8177,0.011969,"A3V",285.1,14.41
"HD 902892",8386,0.003428,"DA6",609.5,17.32
"WD 3090+797",6360,0.000741,"F6V",187.4,16.43
"HD 696383",5042,0.000566,"K2V",824.7,20.05
"HD 802369",2833,0.000322,"M0V",550.9,19.63
"WD 2761+672",7932,0.000341,"A3V",387.3,18.83
"HD 518821",3401,0.000113,"M5V",524.3,20.62
"HD 790858",2523,0.000174,"M3V",353.9,19.47
"HD 848128",20252,35.700686,"B1IV",453.5,6.53
"HD 457152",3614,0.00014,"M2V",635.6,20.77
"HD 193625",32571,89409.863442,"O2Ia",566.6,-1.46
"WD 7286+846",18638,0.000729,"DA2",305.8,17.58
"HD 595324",9445,0.02494,"A7V",733.8,15.69
"HD 275735",11700,0.063264,"B0V",667.1,14.64
"HD 514655",18403,11.461982,"B0IV",709.1,8.9
"HIP 81029",3638,139.115919,"M5III",812.1,6.57
"HD 141623",23747,244.900924,"B8III",740.5,5.61
"WD 5467+565",15406,0.000864,"DA3",821.9,19.46
"HD 343851",17461,6.714324,"B5V",675.3,9.29
"WD 1913+575",20629,0.000213,"DA2",847.5,21.03
"TYC 1406-249-1",9881,42159.027983,"A1Ib",941.9,0.55
"HD 880919",5308,0.000614,"G4V",825,19.81
"WD 1056+472",17595,0.000681,"DA2",169.6,16.26
"HD 736819",3644,0.000589,"M3V",332.8,17.93
"HD 796510",15158,0.319461,"B9V",562.4,12.32
"HD 575669",2515,0.0001,"M6V",190.1,18.68
"HD 461400",19010,14.40896,"B1IV",572.6,8.13
"HD 601830",2624,0.000231,"M5V",951.3,21.29
"HIP 67080",3000,38.111322,"M6IV",414.3,6.45
"HD 256399",7481,0.007013,"F2V",665.9,16.84
"HIP 53397",4770,217.50741,"K7III",745.3,5.85
"HD 929187",3325,0.000516,"M3V",975,20.3
"HD 599115",3818,0.000117,"K3V",417.4,20.01
"HIP 7686",4145,387.00894,"K5III",341,3.41
"WD 8347+595",8077,0.000419,"DA6",628.2,19.75
"HD 188730",27946,1742.779846,"B8III",716.6,3.51
"HD 947497",20353,16.004991,"B8IV",141.4,4.79
"WD 4855+113",10842,0.000726,"DA4",896.3,19.82
"HD 538690",5877,0.001422,"G9V",851.4,19.05
"HD 709049",2623,0.00012,"M3V",325.4,19.61
"HD 735243",16788,1.735447,"B7V",589.9,10.59
"HD 433289",12728,0.11075,"B7V",845.3,14.33
"WD 6761+936",11889,0.001194,"DA4",619.6,18.55
"HD 114531",14220,0.442508,"B3V",959.8,13.11
"HD 527680",5566,0.000476,"G0V",69.6,14.8
"HD 160229",22813,59.149786,"B0IV",885.5,7.33
"HD 834374",3571,0.000169,"M5V",471.4,19.82
"HD 362030",13190,0.07883,"B8V",942.6,15.12
"HD 857036",9477,0.010028,"A7V",980.4,17.13
"HD 298587",30594,52441.227834,"O4Ib",379.8,-1.78
"HD 769944",3882,0.000355,"K4V",930.5,20.74
"HIP 87283",3754,1238.857417,"K8III",917.8,4.33
"HIP 118501",3707,208.729698,"K4III",451.6,4.79
"HD 114239",6233,0.003748,"F4V",531.8,17.21
"HD 418671",2548,0.000098,"M1V",958.8,22
"HD 970709",9736,0.006937,"DA5",926.5,17.47
"HIP 79454",4455,322.707142,"K1III",941.9,5.94
"HD 216786",32962,20855.332008,"O1Ia",965.7,1.43
"HD 748421",24052,729.036812,"B5III",410.4,3.24
"HD 326167",29981,20304.829194,"B7Ib",548.7,0.21
"WD 8047+912",22363,0.000275,"DA2",374.4,18.99
"HD 690493",28660,2146.600873,"B5III",585.4,2.8
"HD 555363",10336,0.009127,"DA4",842.9,16.98
"WD 4748+799",19441,0.001377,"DA2",572.5,18.3
"TYC 7489-862-1",3611,24947.794145,"M5Ia",734.6,0.67
"TYC 2217-150-1",5578,229582.143946,"G4Ia",727.4,-1.66
"HD 583227",8705,0.010066,"A0V",787.1,16.65
"HD 611577",4940,0.000625,"K0V",613.4,19.2
"HD 942115",2688,0.000062,"M9V",803.2,22
"HIP 30159",5370,43.079306,"G3IV",221.4,4.96
"HIP 17863",3778,296.936323,"K3III",834.1,5.63
"HD 689779",6986,0.004681,"F0V",707,17.18
"HD 120739",20352,18.542621,"B8IV",682.5,8.46
"HD 923354",10306,0.03958,"B9V",721.2,15.11
"HD 708142",32957,37625.299546,"O8Ia",908,0.68
"HD 350087",5900,0.000966,"G3V",374.9,17.79
"HD 286491",9990,0.014784,"A9V",904,16.68
"HIP 81353",4486,113.822292,"K0III",989.4,7.12
"HD 109131",22665,62.077315,"B5IV",381.8,5.69
"HD 767584",8078,0.002761,"DA6",942.3,18.52
"HD 137716",2530,0.00007,"M9V",428.9,20.79
"HD 381282",18194,4.22085,"B3V",994.4,10.73
"WD 6919+545",12731,0.002496,"DA3",993.3,18.89
"HIP 53418",4302,81.604133,"K5IV",628.6,6.43
"HD 928204",11933,0.085172,"B6V",914.8,14.86
"HD 147044",20384,9.683605,"B8V",625.3,8.74
"HD 658214",9000,0.022539,"A2V",960.8,16.28
"HD 291284",30476,4110.50319,"O7III",896.3,3.13
"WD 7459+465",16071,0.000353,"DA3",933.1,20.7
"HD 936991",9617,0.008272,"DA5",708.9,16.64
"HD 778997",24779,183.974667,"B9III",566.9,5.42
"HIP 77024",4242,743.861447,"K3III",604.8,4
"HD 667787",4152,0.000339,"K3V",924.8,20.85
"HD 706481",23336,57.368077,"B7IV",620.4,6.86
"HD 457811",3122,0.000321,"M2V",172.9,17.4
"HIP 67316",4580,107.22199,"K1III",469.4,5.45
"HD 779536",12606,0.034042,"B1V",960.6,15.77
"HIP 115518",3918,197.14493,"K6III",404.6,4.69
"HD 200429",9142,0.005623,"DA5",958.3,17.75
"HD 563401",31846,70270.126514,"O7Ia",393.8,-1.68
"HD 516225",8433,0.003633,"DA5",986.9,18.29
"HD 555394",25122,520.266635,"B9III",181.3,1.84
"HD 888041",32612,184431.904533,"O6Ib",907.3,-0.87
"HD 722101",25865,452.720565,"B7III",754.1,5.04
"WD 1228+326",15725,0.000162,"DA3",859.9,21.4
"HD 215141",10113,0.016086,"B4V",468.9,15.25
"HD 686832",2894,0.00014,"M0V",794.6,21.4
"HD 223750",6341,0.000509,"F6V",817.9,20.15
"HD 895314",2508,0.000106,"M7V",575.8,20.94
"WD 8429+492",18372,0.000121,"DA2",236.8,19.13
"HD 692243",26860,2237.344617,"B8III",196.6,0.33
"TYC 9803-333-1",6975,872340.508905,"F8Ia",990.9,-2.54
"HIP 53761",5187,126.524808,"K8III",649.8,6.09
"HD 629571",15859,0.372827,"B0V",786.5,12.87
"HD 703909",2688,0.000181,"M7V",719.5,20.71
"HD 517713",4523,0.000356,"K8V",196.9,17.31
"HD 629665",4369,0.000321,"K7V",557.5,19.88
"HD 567405",34136,291906.712885,"O6Ib",450.8,-3
"HIP 73500",4442,366.781827,"K1III",819,5.45
"HD 848569",6662,0.001707,"F1V",849.3,18.85
"HD 254312",3850,0.000091,"K9V",741.3,21.62
"HD 878410",4366,0.000288,"K5V",577.5,19.87
"WD 5945+341",17824,0.000708,"DA2",917.7,19.85
"HD 706933",29616,18729.948289,"B6Ia",721.2,0.95
"HD 961536",26580,676.980406,"B5III",712.4,4.56
"HD 553207",9612,0.017261,"A7V",724.3,16.02
"HD 205715",6664,0.002215,"F7V",769.2,18.44
"WD 7637+172",21985,0.00125,"DA2",906,19.29
"HD 877813",16249,1.425704,"B0V",921.3,11.78
"HD 349909",23923,217.125189,"B6III",637.2,5.57
"HD 737913",7898,0.020866,"A1V",313.4,13.93
"HD 942317",30137,11647.083904,"O8Ib",965.4,2.07
"HD 844969",2779,0.000359,"M2V",989.9,20.78
"WD 2578+890",10704,0.000085,"DA4",339.1,20.15
"HD 562393",13089,0.13269,"B5V",917.6,14.28
"WD 8173+275",20974,0.00032,"DA2",878.3,20.7
"WD 3460+700",6455,0.0003,"F9V",783.1,20.65
"HD 151375",4073,0.000282,"K0V",983.3,21.12
"HD 635129",28338,3678.428516,"B1III",83.8,-2
"HD 917480",24847,224.733012,"B2III",671.8,5.48
"HIP 94129",4422,112.33721,"K7III",395,5
"HD 849371",10494,0.008194,"DA4",385.9,15.45
"HD 965814",19683,12.916856,"B2IV",472.3,7.69
"HD 591349",7144,0.001587,"F5V",383,17.12
"HD 337466",4484,0.000351,"K4V",407.8,18.77
"HD 431952",2502,0.000063,"M7V",806.8,22
"WD 2246+542",9938,0.002933,"DA5",912.3,18.19
"HD 493602",6623,0.00129,"F7V",593.1,18.44
"HD 648699",3146,0.000147,"M0V",565.6,20.71
"HD 691969",11034,0.031659,"B9V",489.2,14.5
"HIP 25029",4248,214.132951,"K8III",766.8,5.64
"HD 920332",16630,2.401427,"B5V",339.7,8.92
"HD 563554",28298,3701.16812,"B1III",903,3.13
"HD 669968",14439,1.175557,"B1V",755.1,11.65
"HD 620827",14337,0.39106,"B4V",262.1,10.42
"HD 654530",7541,0.00243,"A9V",937.4,18.79
"HIP 38026",5185,37.507282,"K3IV",260.6,5.24
"HD 492535",3330,0.000132,"M4V",561.3,20.63
"HIP 26052",4278,311.711418,"K3III",852.4,5.83
"HD 664486",5145,0.000381,"K8V",921,20.63
"HD 690154",10760,0.01789,"B7V",773.2,16.13
"HD 358193",33990,125635.838181,"O2Ib",908.3,-0.78
"HD 336740",18397,3.42481,"B4V",547.1,9.67
"HD 274173",16862,0.648125,"B1V",949.9,12.73
"HD 990714",21543,42.4171,"B1IV",940.4,8.15
"HD 278853",2853,0.000131,"M2V",425,20.05
"HD 635520",5267,0.000563,"G9V",700.7,19.71
"HIP 31532",4670,124.169905,"K5III",924.3,6.82
"HD 790242",3447,0.000358,"M5V",572.1,19.55
"HD 521077",4017,0.000239,"K9V",892,20.99
"HD 171803",12135,0.067499,"B4V",907,14.87
"WD 9202+902",19785,0.000209,"DA2",815.3,20.9
"WD 9719+357",17949,0.000407,"DA2",726.6,19.93
"HD 748974",4035,0.000196,"K9V",633.6,20.48
"HD 101273",20066,15.210669,"B1IV",527.4,7.97
"HD 807533",29410,2444.041747,"B1III",960.1,3.67
"HD 598463",13372,0.33383,"B1V",981,13.33
"HD 848373",15100,0.795785,"B9V",959.5,12.35
"HIP 89093",3424,100.560496,"M6III",929.2,7.09
"HD 631325",17720,7.084112,"B4V",789.2,9.5
"HD 488480",3489,0.000093,"M9V",959.2,22
"HD 872171",32060,37485.486925,"O9Ib",919.9,0.64
"HD 267122",3185,0.000059,"M0V",192.6,19.26
"HD 858519",6586,0.000539,"F2V",131.5,16.11
"HIP 102791",3735,205.827892,"K6III",521.8,5.1
"HD 169152",10031,0.010885,"B3V",596.1,16.16
"HIP 34849",4362,210.02304,"K6III",984,6.42
"HD 140107",3777,0.000209,"K8V",109.4,16.78
"HIP 83763",4351,76.835592,"K6IV",666.6,6.59
"HD 903600",14084,0.443476,"B8V",871.8,12.89
"HD 901223",7195,0.004474,"F3V",796.9,17.54
"HIP 60718",5029,104.450518,"K1III",790.9,6.81
"HD 420612",12946,0.136139,"B1V",82.4,8.87
"HD 125402",2535,0.00006,"M6V",554.8,21.48
"HD 798514",17856,5.924636,"B6V",607.8,9.36
"HD 561953",11551,0.023744,"B0V",983.2,16.32
"HD 588972",7224,0.002637,"F8V",893.1,18.25
"HD 439384",2521,0.000099,"M2V",235.6,19.28
"HD 173937",10120,0.021136,"B7V",821.1,16
"WD 9402+787",8868,0.000784,"DA5",933.7,19.72
"HD 621327",3088,0.000167,"M2V",821.5,21.39
"HD 845684",5974,0.000956,"G0V",853.7,19.63
"HD 210465",15881,0.553792,"B6V",782.8,12.36
"HD 360682",2575,0.000071,"M4V",956.9,22
"HD 531344",12282,0.038311,"B0V",614.9,14.7
"HD 555127",12409,0.08608,"B4V",568.2,13.7
"HD 653235",12964,0.055824,"B4V",457,13.81
"WD 4653+552",14403,0.000216,"DA3",228.3,18.23
"HD 315410",6238,0.000392,"F8V",875.9,20.5
"HIP 118162",3555,48.751943,"M1IV",772.2,7.43
"HD 920553",34110,249445.075953,"O1Ib",414.8,-3
"HD 189298",20915,35.578381,"B2IV",779.7,7.84
"WD 3904+640",7015,0.000957,"F4V",375.2,17.62
"HIP 20907",4661,388.805081,"K3III",897.4,5.46
"HD 261476",13097,0.139879,"B1V",638.7,13.12
"HD 167899",14246,0.147257,"B5V",708.7,13.79
"TYC 9615-409-1",6218,44451.88705,"F6Ia",528.9,-0.67
"HD 611662",24486,184.047992,"B5III",882.8,6.36
"HD 750365",22967,189.353857,"B2III",114.3,1.77
"HD 494492",2501,0.000166,"M6V",564.9,20.52
"HD 790000",8117,0.008602,"DA6",837.6,16.98
"HD 150033",8014,0.002348,"DA6",421.9,17.06
"HD 637914",4260,0.00011,"K4V",841.9,21.98
"HD 481761",4506,0.000301,"K2V",572.5,19.66
"HD 384176",28120,1037.587816,"B8III",957.2,4.5
"HIP 23821",3857,156.632998,"K7III",929.2,6.6
"HD 144895",4899,0.000487,"K8V",854.4,20.23
"WD 9958+800",23739,0.00053,"DA2",769.8,19.94
"HD 728776",7446,0.001604,"F5V",977.5,19.15
"HIP 115187",4027,259.763271,"K1III",299,3.57
"WD 5664+884",23380,0.000172,"DA2",811.1,21.28
"WD 6712+498",16303,0.00272,"DA3",356.8,16.41
"HD 131871",20574,35.177071,"B2IV",396.6,6.33
"HIP 99351",3915,435.193862,"K9III",654.4,4.83
"HD 630318",15222,0.30711,"B9V",370.4,11.52
"HD 255355",31340,19717.587504,"O9Ib",376.6,-0.59
"HD 647943",20128,14.360233,"B3IV",385.1,7.31
"HD 483040",3909,0.00042,"K1V",612,19.71
"HD 161559",8714,0.007385,"DA5",661.5,16.73
"HD 592218",33325,50194.051915,"O6Ia",509.2,-1.08
"HD 249897",4687,0.000356,"K8V",656.8,20.01
"WD 3505+896",17073,0.00092,"DA2",663.4,18.84
"HIP 81969",4950,50.858851,"K8IV",561.8,6.6
"HD 719519",20368,9.58208,"B7V",919.1,9.67
"WD 1529+371",19615,0.000248,"DA2",224.8,17.88
"HD 120114",24183,203.665827,"B5III",996.2,6.4
"WD 6173+493",15622,0.00068,"DA3",276.4,17.44
"TYC 7738-195-1",24716,62152.893617,"B5Ib",862.1,-0.12
"HD 173701",23413,142.376342,"B7III",326.2,4.64
"HD 656227",20521,32.470228,"B3IV",720.3,7.85
"HD 157842",29571,11452.363912,"B0Ib",826.2,1.72
"HD 167735",21049,8.051289,"B1V",912.3,9.74
"HD 768120",29396,9680.342513,"B4III",401.3,0.18
"HD 940200",2837,0.000067,"M8V",616.8,21.78
"HD 635216",3425,0.000134,"M0V",745,21.28
"HD 234090",27420,2482.593182,"B8III",820.4,3.33
"HD 933967",21125,43.894778,"B7IV",71.5,2.37
"HD 194893",22607,54.714657,"B5IV",670.9,7.16
"HD 517348",3031,0.0001,"M6V",151,17.87
"HD 113071",28895,4489.207096,"B8III",521.1,1.77
"HD 748232",10394,0.016845,"B4V",990.9,16.7
"HIP 80690",4061,281.823078,"K2III",656.4,5.25
"HD 483231",2500,0.000074,"M9V",786.7,22
"HD 634011",10494,0.025324,"B6V",998.1,16.2
"HD 416841",2774,0.000054,"M2V",907.1,22
"HD 216608",16596,1.094411,"B6V",363.2,10.01
"WD 9918+498",23078,0.000768,"DA2",705.4,19.29
"HD 348683",8703,0.01493,"A7V",75.5,11.28
"HD 984607",3834,0.000547,"K0V",453.1,18.46
"HD 924728",3125,0.000294,"M2V",545.9,19.81
"HD 144540",27877,1372.843313,"B8III",876.9,4.19
"HIP 105085",4337,108.857605,"K3III",371.5,5.09
"HD 694641",3323,0.000285,"M0V",837.6,20.7
"HD 863656",5501,0.001025,"G9V",696.4,19.13
"HD 214536",31022,24344.478009,"O6Ia",933.9,0.93
"HD 399922",3149,0.000159,"M0V",248,18.79
"WD 6751+780",9887,0.000505,"DA5",927.6,20.14
"HD 467396",3970,0.000676,"K9V",827.2,19.86
"HD 892561",3113,0.000442,"M0V",863.9,20.26
"HD 610787",3918,0.000485,"K7V",660.9,19.53
"HD 248891",8814,0.005784,"DA5",976.9,17.75
"HD 892726",7830,0.011445,"A4V",893.3,16.92
"HD 656775",13603,0.33782,"B1V",943.9,13.41
"TYC 7563-463-1",6169,39397.708092,"F9Ib",881.6,0.35
"HD 124603",15276,0.343889,"B9V",885.9,13.01
"HIP 78330",3659,132.14876,"M8III",827.7,6.6
"HD 626108",10630,0.018569,"B8V",811.2,16.22
"HIP 23978",3353,256.318864,"M3III",691.2,5.47
"HD 667780",17302,1.23242,"B1V",850,11.72
"HD 287875",19995,13.296573,"B2IV",935.9,9.17
"WD 6726+591",10807,0.000788,"DA4",426.6,18.2
"HD 461111",30106,7539.592532,"O0III",367.5,0.4
"WD 9559+574",17212,0.000765,"DA2",732.7,19.32
"HIP 21529",3970,39.720089,"K5IV",782.1,7.66
"HD 961918",16173,1.930061,"B9V",941.2,11.67
"HD 861296",29089,10480.716266,"B9Ib",961,2.16
"HD 588276",3448,0.000225,"M5V",369.9,19.23
"WD 5240+412",24144,0.000371,"DA2",61.3,14.85
"HD 377250",16965,3.53598,"B1V",462.7,9.08
"WD 1156+540",18612,0.001923,"DA2",791.5,18.43
"HD 991977",18720,3.276783,"B5V",594.1,9.85
"HD 393571",26980,768.702238,"B0III",662.2,4.2
"WD 9992+578",13731,0.004461,"DA3",417.1,16.06
"HD 447131",4666,0.000232,"K0V",278,18.59
"HD 404283",4678,0.000261,"K1V",964.6,21.11
"WD 9462+126",17412,0.000255,"DA2",743.8,20.58
"HD 531945",26802,2202.828529,"B5III",910.7,3.72
"HD 546621",2849,0.000103,"M6V",263.9,19.34
"HD 109370",7539,0.003709,"A7V",909.2,18.14
"HD 386841",10738,0.018779,"B4V",579.9,15.38
"HD 249762",4950,0.000531,"K9V",633.5,19.44
"HD 121003",2500,0.000063,"M4V",636.4,22
"HD 589671",7287,0.001582,"F8V",871.5,19.03
"HD 290619",9668,0.010391,"A2V",912.5,16.92
"HD 576754",23598,193.28697,"B1III",774.3,5.87
"HIP 60456",4986,155.626739,"K2III",645.3,5.71
"HD 657544",33375,373490.873758,"O8Ib",887.1,-1.91
"HD 245650",18850,2.982239,"B5V",909.2,10.92
"WD 2309+753",12051,0.001398,"DA4",968.3,19.29
"HD 894227",18136,5.754726,"B5V",656.1,9.26
"HD 864921",10697,0.043016,"B8V",588.7,14.49
"WD 5060+733",13327,0.000168,"DA3",991.9,21.53
"HD 947695",30927,21881.447067,"O2Ib",355.6,-0.77
"HD 945237",16817,2.009365,"B9V",44.6,4.76
"HD 776203",29217,7573.567081,"B1III",422,0.7
"HD 167764",2761,0.000066,"M4V",608.3,21.52
"HIP 69632",3136,189.163482,"M8III",802.9,6.02
"HD 429469",3869,0.000268,"K1V",989.7,21.27
"HD 529944",6400,0.001788,"F8V",455.6,17.31
"HIP 5564",4186,357.83968,"K2III",971.8,5.79
"HD 949124",6889,0.001681,"F5V",538.8,17.84
"HIP 2288",4158,462.18267,"K9III",205.4,2.19
"WD 6316+525",16984,0.000408,"DA2",799.8,20.39
"HD 369304",34951,174490.243066,"O8Ia",333.9,-3
"HD 108623",6697,0.002324,"F2V",780.5,18.17
"TYC 4212-769-1",17261,5085.637037,"B5III",930.6,2.79
"HIP 26701",4422,584.101016,"K9III",560.2,4.18
"HD 357141",20707,15.449607,"B7IV",813.5,8.95
"HD 733439",2535,0.000171,"M1V",384.8,19.56
"HIP 80547",4799,147.161459,"K9III",916.2,6.62
"HD 376421",3232,0.000321,"M9V",638.6,20.09
"HD 666087",25648,231.863544,"B3III",823.2,5.79
"HIP 1176",4675,167.91835,"K8III",178.7,3.17
"HD 545498",34933,108744.422926,"O3Ib",606.9,-1.32
"HD 444881",2964,0.000098,"M3V",584.5,21.12
"HD 216561",31005,37266.537925,"O3Ib",693.6,0.2
"HIP 39927",4902,69.79767,"K2IV",897.1,7.38
"HD 365182",8664,0.015338,"A7V",773.3,16.11
"HD 454031",24091,47.588955,"B2IV",951.4,7.86
"HIP 64163",3000,134.055219,"M0III",778.2,6.42
"HD 314623",15898,0.703425,"B9V",283.4,9.97
"HD 298981",4737,0.000466,"K3V",672.6,19.53
"HD 867110",27144,1425.501063,"B7III",471.4,2.65
"WD 5049+146",23181,0.000295,"DA2",943.6,20.86
"WD 2896+945",24064,0.000345,"DA2",889,20.66
"WD 7933+766",12612,0.00036,"DA3",648,19.9
"HD 619770",32586,31864.948757,"O0Ia",449.8,-0.93
"WD 9791+313",17500,0.000934,"DA2",491.8,18.18
"HD 199595",23940,671.70346,"B2III",532.5,3.81
"HD 376688",28895,12618.142381,"B7Ib",395.5,-0.06
"HD 914602",2857,0.0002,"M1V",669.6,20.59
"HIP 44631",4535,234.681222,"K4III",827.2,5.97
"WD 5167+752",20936,0.000896,"DA2",935.2,19.79
"HD 339348",5497,0.000914,"G7V",377.1,17.63
"HIP 116662",3821,268.054219,"K8III",602.5,5.06
"HIP 38510",4328,45.168746,"K6IV",837,7.79
"HD 915530",21431,37.045431,"B3IV",931.2,8.03
"HD 964477",6727,0.001375,"F6V",426,17.49
"HD 105172",23436,236.309064,"B4III",581.1,5.05
"HD 647399",16536,0.184969,"B4V",914.9,13.9
"WD 8400+269",21231,0.000071,"DA2",619.6,21.68
"HD 629941",16935,1.45942,"B8V",958.6,11.95
"HD 718146",21865,45.079165,"B7IV",737.7,7.32
"HD 387728",9453,0.031628,"A8V",862,15.66
"TYC 4938-101-1",6994,129176.024207,"F5Ib",890.6,-0.59
"HIP 3742",3823,49.17235,"K4IV",620.2,6.99
"HD 670075",25597,703.38469,"B6III",837.1,4.61
"HD 443464",3892,0.00018,"K5V",733.8,21.01
"HD 960639",5631,0.000913,"G3V",656.9,19.06
"HD 937521",28592,4991.066356,"B3III",346.8,0.67
"HD 444569",13832,0.232952,"B0V",431,12.12
"HD 546665",6902,0.001152,"F9V",632,18.74
"HIP 1859",5699,114.045397,"G7III",26.5,-0.87
"HIP 104431",4667,75.920036,"K5IV",579.7,6.42
"HD 339521",17530,1.330938,"B2V",849.9,11.54
"HD 717786",6791,0.002328,"F6V",875.9,18.57
"HD 514148",23215,28.876998,"B4IV",635.7,7.74
"HD 398404",28031,5169.36198,"B6III",655.1,1.96
"HD 437945",27637,2459.5003,"B6III",747.9,3.01
"HD 207365",2631,0.000147,"M1V",753.8,21.35
"HD 674855",2506,0.000059,"M1V",771.5,22
"HD 970698",6173,0.001255,"F5V",964.9,19.37
"HD 362010",2648,0.000096,"M2V",793.7,21.79
"HD 307128",3169,0.000268,"M7V",787.4,20.68
"HIP 51331",4475,73.865502,"K5IV",202.8,4.33
"HD 421267",9422,0.003953,"DA5",932.7,18.25
"HD 523833",22278,84.503396,"B3IV",891.6,7.16
"TYC 5457-578-1",24732,61749.45911,"B3Ib",894.3,0.01
"HIP 12100",3470,121.716302,"M7III",280.9,4.19
"HD 358914",31410,40398.643737,"O0Ib",32.3,-3
"HD 514275",19284,8.979961,"B8V",178.4,6.11
"HIP 86710",4377,114.447451,"K0III",646,6.29
"HD 405054",31722,46598.567649,"O8Ia",973.9,0.56
"WD 1752+775",10764,0.000587,"DA4",442.3,18.51
"WD 9216+187",20954,0.001246,"DA2",802.6,19.1
"HD 812440",14764,1.053468,"B2V",963.6,12.08
"HD 398744",27734,2894.891761,"B5III",764.1,2.9
"HIP 84260",5160,91.609578,"K3IV",402.3,5.31
"HD 558124",8253,0.002714,"DA6",435.9,16.66
"WD 7152+715",14516,0.000556,"DA3",993.7,20.4
"HD 558233",2517,0.000053,"M1V",604.6,21.95
"HIP 84660",4405,61.107066,"K4IV",733.8,7.09
"HD 688674",12841,0.063493,"B3V",583.2,14.09
"HIP 98120",4743,355.17686,"K4III",993.7,5.83
"WD 4502+940",22926,0.000846,"DA2",572.9,18.81
"HD 198166",21062,21.144598,"B4IV",324.9,6.56
"WD 3045+247",6102,0.000963,"F6V",711.9,19.19
"WD 4910+772",7290,0.000912,"F9V",719.1,19.16
"HIP 12026",3543,183.413933,"M8III",638.8,5.39
"HD 713256",2538,0.000208,"M9V",681,20.64
"HD 562360",31153,33136.931105,"O3Ib",867.3,0.73
"HD 261741",26836,451.493601,"B1III",787.9,5.12
"HIP 25148",3876,204.657588,"K8III",967.6,6.32
"HD 991323",15569,0.929645,"B1V",850.4,12.07
"HD 216897",8165,0.004188,"DA6",785.4,17.64
"HIP 8320",3539,127.206402,"M8III",519.3,5.73
"HD 697600",12653,0.095324,"B6V",240.1,11.69
"HD 456374",14276,0.323116,"B8V",917.9,13.23
"HD 902785",2898,0.00005,"M9V",648.6,22
"HD 539738",18088,5.991228,"B0V",831.4,10.12
"HD 990925",2547,0.000097,"M8V",892.8,22
"HD 459208",9970,0.015666,"A2V",792.9,16.25
"HD 522537",34142,85114.194157,"O6Ib",226.6,-3
"HD 524360",2581,0.000102,"M0V",320.9,19.88
"HD 695756",23328,76.797435,"B4IV",636.5,6.68
"HD 611135",25848,1078.976678,"B6III",933.8,4.52
"HD 771826",2614,0.000205,"M4V",821.2,21.01
"HIP 64693",4504,80.714399,"K1IV",568.6,6.09
"HD 532810",25469,1387.895961,"B3III",694.3,3.59
"HD 118227",13134,0.213666,"B8V",905,13.69
"HD 184643",14577,0.777128,"B2V",966.6,12.5
"HD 793312",13792,0.236653,"B8V",726.6,13.01
"HD 755559",20378,10.185089,"B7IV",667.5,8.91
"HIP 79394",4580,251.258906,"K8III",814.7,5.81
"HD 254647",9085,0.006001,"DA5",841.4,17.35
"HIP 65953",3455,313.449298,"M8III",376.8,3.96
"HIP 11444",3263,226.487451,"M0III",884.6,6.09
"HD 538145",24798,301.092124,"B8III",700.1,5.39
"HD 584438",7088,0.002996,"F7V",378.9,16.54
"HD 776409",18223,2.970819,"B2V",896.6,10.82
"HIP 114335",4464,105.22235,"K5III",309.8,4.55
"HD 419254",2997,0.000436,"M8V",820.8,20.22
"HD 441869",16782,0.389547,"B2V",992,13.14
"HD 708771",24020,58.647867,"B0IV",509.1,6.45
"HD 333836",19762,15.779922,"B5IV",680.5,8.53
"HD 772884",34289,200336.837669,"O4Ib",270.4,-3
"HIP 33654",4321,384.434766,"K8III",304.9,3.11
"HD 236871",10803,0.018245,"B1V",660.5,15.61
"HD 171578",21445,24.985985,"B8IV",844.1,8.33
"HD 826383",8953,0.007563,"DA5",606.5,16.48
"HD 555530",8839,0.006906,"DA5",427.5,15.7
"HD 871015",4539,0.000259,"K2V",800.4,20.68
"HD 886206",11858,0.064144,"B6V",579.3,14.04
"HD 317605",33458,70787.777875,"O8Ia",788.4,-0.36
"HD 856818",4695,0.000459,"K4V",352.6,18.39
"HIP 79554",3885,514.47707,"K2III",939.6,5.45
"HD 505256",22719,63.064099,"B2IV",500.1,6.33
"HD 514480",15960,0.56374,"B2V",522.3,11.47
"HD 611095",5495,0.000368,"G1V",527.2,19.61
"HIP 62568",4631,588.579808,"K8III",818.3,4.93
"TYC 6386-103-1",9343,235318.861357,"A2Ib",470.3,-2.77
"HD 621284",10833,0.035909,"B2V",657.4,15.19
"HD 184069",26441,2236.627817,"B7III",228.9,0.58
"HD 159188",27170,1185.297318,"B5III",711.2,3.71
"WD 6394+180",20744,0.000609,"DA2",776.8,19.73
"HD 560833",4488,0.000409,"K9V",196,17.1
"HIP 55105",3561,84.374298,"M0IV",425.7,5.59
"HD 598873",3531,0.000172,"M7V",767.2,21.08
"HIP 112726",3685,240.585484,"M6III",723.2,5.59
"HD 582563",14376,0.247947,"B8V",980.7,13.84
"HD 161483",28819,3189.221473,"B4III",787,3.06
"HD 910299",27953,16500.584704,"B4Ia",195,-1.84
"HIP 62845",4040,141.9844,"K4III",873.5,6.68
"HD 799710",25056,161.898684,"B5III",732.6,6.04
"HIP 27881",4064,260.748154,"K4III",297.7,3.38
"WD 1294+475",13591,0.000378,"DA3",955.4,20.67
"HD 121861",7550,0.001441,"A7V",603.1,18.43
"HD 567496",8162,0.004438,"DA6",152.7,14.15
"HIP 47224",3564,311.726739,"M2III",454.4,4.42
"HIP 94798",4197,147.120299,"K4III",504.1,5.23
"HD 160774",32525,46982.944902,"O2Ib",798.2,0.04
"HIP 102968",4971,387.637237,"K8III",831.4,5.26
"HD 450902",4632,0.000374,"K9V",712.7,20.01
"HD 814561",3654,0.000354,"M8V",291.8,18.08
"HD 893579",30353,10929.349054,"O0Ia",782.5,1.6
"HD 832479",6088,0.000898,"F3V",581,18.68
"HD 863628",14525,0.291401,"B4V",493.7,12.12
"HD 846833",6564,0.001632,"F1V",880.7,18.95
"HD 173338",13855,0.561649,"B8V",509.2,11.52
"HD 221469",22300,28.629929,"B6IV",819.4,8.36
"HIP 92933",3389,202.342502,"M4III",185.9,2.67
"HD 338551",4987,0.000462,"K9V",926.4,20.23
"HD 517022",33874,369272.586745,"O8Ia",760.2,-2.34
"HD 800825",2523,0.000116,"M5V",819.6,21.7
"HD 157322",10236,0.012173,"B2V",428.5,15.24
"HD 458243",2501,0.000056,"M8V",673.9,22
"HD 501579",18612,8.860533,"B5V",855.1,9.64
"HD 376669",4614,0.000481,"K3V",798.5,20.03
"HD 437174",7035,0.001297,"F4V",931.8,19.11
"HD 237771",28121,1409.299291,"B7III",880,4.19
"TYC 9566-125-1",21903,23640.797485,"B0Ib",621.3,0.26
"HD 567300",2698,0.000157,"M6V",490,20.23
"HD 287751",3876,0.000334,"K5V",832,20.55
"HD 604188",34341,544552.345107,"O9Ia",375.4,-3
"HD 607771",5325,0.000219,"G9V",676,20.42
"HD 153501",2709,0.000099,"M5V",439.8,20.46
"HIP 80057",4873,40.890315,"K5IV",898.9,8
"HD 799354",33243,79286.884523,"O5Ia",770,-0.73
"HD 182213",13876,0.513857,"B3V",470.1,11.27
"HD 587288",10287,0.024558,"B1V",896.4,15.91
"HD 262667",33398,388488.413816,"O6Ia",772.4,-2.21
"HD 370631",33728,147263.445659,"O3Ia",192.8,-3
"WD 4973+846",21165,0.000523,"DA2",566.2,19.28
"HD 799713",8154,0.003729,"DA6",923.9,18.14
"HD 949539",32964,176896.347296,"O3Ia",692,-1.62
"HD 317889",21697,18.155143,"B4IV",820.5,8.77
"HD 980847",12471,0.103391,"B9V",596.3,13.56
"HD 516968",13103,0.243476,"B4V",275.4,10.98
"HD 704212",10595,0.034694,"B2V",755.3,15.21
"HD 520075",14451,0.308934,"B3V",304,10.75
"HD 422221",32626,112907.040423,"O4Ia",405.2,-2.23
"HD 198098",23548,198.150507,"B5III",784.6,6.03
"HD 897733",34544,567708.891454,"O0Ib",803.4,-2.7
"WD 4102+326",13512,0.000133,"DA3",794.9,21.39
"HD 319298",4859,0.001311,"K6V",554.2,18.15
"HD 690609",4315,0.000263,"K0V",368.6,19.06
"HIP 10881",4160,90.811412,"K6IV",870.1,6.99
"HD 247871",27306,3419.345608,"B3III",920.1,3.2
"HIP 29451",4013,66.92881,"K9IV",336.7,5.29
"HD 515660",24449,244.624336,"B2III",364.3,4.12
"WD 4439+202",14183,0.001278,"DA3",394.8,17.58
"HD 392417",29016,12409.530278,"B3Ib",784.8,1.28
"HIP 33156",4979,60.941089,"K7IV",744.9,7
"HD 120522",2734,0.000098,"M0V",568.7,21.01
"WD 5228+222",22694,0.003929,"DA2",734.5,17.54
"HD 857876",3389,0.000125,"M9V",995,22
"HD 195208",26541,1067.469654,"B6III",846,4.27
"HD 490246",24643,535.098392,"B7III",647.3,4.44
"WD 2954+291",6817,0.00039,"F1V",946,20.54
"HD 457074",5900,0.000804,"G4V",701.7,19.23
"HD 372001",26958,1147.758222,"B6III",686.3,3.92
"HD 452771",5568,0.000695,"G2V",751.3,19.58
"HD 327238",5497,0.00097,"G6V",794.9,19.41
"HD 546250",14579,0.413007,"B4V",782.2,12.64
"HD 773380",31125,34677.587808,"O0Ib",744.4,0.27
"HD 333788",7286,0.002376,"F1V",836.4,18.52
"HD 753061",11678,0.043837,"B8V",794,15.04
"HD 357934",3182,0.000306,"M1V",235.8,17.79
"TYC 3294-100-1",21658,144638.492773,"B0Ib",765.8,-1.05
"HD 122070",18564,2.340097,"B3V",675.3,10.62
"WD 9139+946",19933,0.000994,"DA2",568.6,18.57
"HD 636751",3693,0.000077,"M9V",536,21.2
"HD 577670",2803,0.000195,"M9V",624.3,20.64
"WD 6394+187",23310,0.000742,"DA2",938,19.71
"HD 861215",2732,0.000078,"M6V",719,21.96
"HD 243869",3752,0.000093,"K5V",718.4,21.64
"HD 219346",18651,16.148108,"B6IV",761.2,8.75
"HD 137957",7015,0.001647,"F8V",951.3,19.13
"HIP 104571",4252,779.841452,"K2III",816.9,4.42
"HD 258422",15459,0.513483,"B7V",74.1,7.38
"HD 791493",4375,0.000615,"K4V",893.8,20.07
"HD 885706",14246,0.328426,"B2V",515.3,11.96
"HIP 85108",3889,255.857833,"K5III",976.7,6.12
"WD 5636+630",16865,0.000263,"DA2",782.7,20.8
"HD 338480",4816,0.002181,"K4V",485.8,17.36
"HD 378003",34159,92185.012936,"O0Ia",627.9,-0.91
"WD 7656+339",23632,0.000329,"DA2",893.7,20.56
"HD 913462",5099,0.001224,"K1V",668,18.58
"HIP 28338",3797,480.745782,"K1III",886.8,5.35
"HD 108635",2804,0.000073,"M6V",937.5,22
"HD 441952",4948,0.00055,"K8V",603.1,19.05
"HD 649516",13588,0.149157,"B0V",850.2,13.94
"WD 1711+386",10293,0.000207,"DA4",928.6,21.32
"HD 538128",4090,0.000294,"K7V",562.8,20.06
"HD 456237",21407,24.923384,"B5IV",892.2,8.49
"HD 357271",15849,0.345682,"B5V",546.3,11.98
"WD 8028+692",16303,0.00153,"DA3",918.7,18.91
"HIP 30338",3392,59.244949,"M5IV",583.9,6.83
"HD 591628",12037,0.073965,"B6V",647.1,14.22
"HD 403062",22301,98.013778,"B2IV",120.2,2.68
"HD 328627",3245,0.000478,"M2V",518.1,19.24
"HD 608810",2930,0.000071,"M8V",783.8,22
"TYC 1080-746-1",22133,22949.383144,"B6Ia",639,0.31
"HD 530716",9690,0.026377,"A8V",451.9,14.53
"HD 110532",29306,12243.203977,"B7Ia",634.2,1.01
"HD 564209",22117,33.962401,"B5IV",952.2,8.52
"WD 3981+557",18781,0.000203,"DA2",847.2,20.99
"HD 393727",6483,0.000844,"F0V",825.7,19.71
"HD 801373",5325,0.000475,"G0V",514.1,19.09
"HD 974066",14077,0.180944,"B1V",622.8,13.05
"HD 550214",2715,0.000313,"M7V",520.1,19.69
"HD 679870",5405,0.00083,"G0V",803.8,19.54
"HD 837011",8433,0.005467,"DA5",788.8,17.43
"HD 119789",14176,0.264963,"B2V",925.8,13.82
"HD 919709",19438,15.060299,"B3IV",843.2,9.04
"WD 9620+978",13859,0.000313,"DA3",946.5,20.85
"HD 292034",2621,0.000085,"M4V",973,22
"HIP 82467",4392,593.130038,"K2III",960.5,5.24
"WD 6093+898",19835,0.00077,"DA2",422,18.14
"HD 510883",10051,0.011034,"B4V",617.9,16.08
"WD 1278+374",7893,0.000669,"A2V",890,20.05
"HD 874674",18098,5.401714,"B8V",880.6,10.21
"HD 164963",32720,35693.710895,"O4Ib",489.4,-0.73
"HD 451328",33674,173045.905914,"O0Ia",398.9,-2.8
"HD 956880",13253,0.113992,"B6V",646.7,13.75
"HIP 79095",3609,191.835518,"M7III",572.4,5.33
"HD 811189",27226,1662.673671,"B4III",914.6,4.07
"HD 995007",2586,0.000143,"M2V",191.3,18.12
"HIP 27298",3859,118.582664,"K1III",983.7,7.13
"HD 210082",6658,0.000945,"F0V",953.4,19.89
"HIP 105667",3841,30.918207,"K3IV",830.2,8.24
"HD 810466",30527,22898.043333,"O9Ia",842.3,1.11
"HD 428359",5584,0.001253,"G4V",880.3,19.13
"HD 786601",6949,0.00084,"F7V",798.6,19.28
"HD 933697",23395,48.860605,"B4IV",753,7.38
"HD 210057",3724,0.000119,"K4V",590.8,20.97
"HD 123441",20597,18.554931,"B0IV",784.6,8.51
"HD 248247",3871,0.000165,"K3V",820.7,21.32
"HD 240984",31074,15254.29398,"O4Ib",595.1,0.79
"HD 983481",9368,0.009847,"DA5",311,14.75
"TYC 2089-555-1",18684,54620.914897,"B4Ia",780.4,-0.12
"HD 974577",3075,0.000083,"M0V",791.7,21.93
"HD 583827",23181,64.023927,"B4IV",966.8,7.63
"WD 5978+577",14953,0.000311,"DA3",297.2,18.37
"HD 266543",20711,56.621967,"B3IV",300.2,5.31
"WD 5555+486",21454,0.000158,"DA2",970.1,21.85
"HD 842127",14935,0.743747,"B3V",588.7,11.52
"HD 271191",32975,64029.244083,"O0Ib",763,-0.41
"HD 699374",2568,0.000081,"M0V",133.9,18.19
"HD 853091",4843,0.000893,"K3V",958.2,19.76
"WD 9857+488",9919,0.001086,"DA5",876.8,19.56
"HD 151344",30621,22330.811898,"O5Ib",565,0.06
"WD 5564+794",8971,0.000362,"DA5",971.3,20.91
"HD 204182",25372,393.946636,"B9III",688.1,4.94
"HD 473335",30071,8736.137961,"O0III",709.2,1.65
"HD 365142",12519,0.071758,"B2V",925.6,14.81
"HD 768184",11551,0.051648,"B9V",709.1,14.75
"HD 947752",13126,0.070143,"B5V",856,14.83
"HD 674732",21224,53.087647,"B8IV",329.5,5.57
"HIP 40343",3365,201.078989,"M5III",396.6,4.31
"HD 742369",3173,0.000084,"M5V",135.2,18.14
"HD 585246",2823,0.000237,"M4V",991.5,21.42
"HIP 38036",4851,180.167474,"K7III",88.6,1.25
"HD 743234",3708,0.0001,"K1V",661.7,21.28
"HD 230486",26221,1424.165043,"B2III",842,4.08
"WD 4051+883",7963,0.000936,"A3V",967.2,19.84
"HD 924957",5373,0.000668,"G1V",569.1,19.08
"HD 245319",23981,142.730787,"B9III",874.2,6.71
"HD 445684",15898,1.671155,"B2V",624,10.5
"HD 115168",24342,276.242159,"B0III",990.2,6.31
"HD 953885",34935,605354.977109,"O2Ib",759.1,-2.72
"HD 398862",4047,0.00028,"K4V",373.7,19.02
"HIP 90616",3678,212.255056,"M5III",878.9,6.06
"HD 571050",27547,1928.488727,"B2III",539.7,2.73
"WD 3627+907",16108,0.001237,"DA3",927.6,19.12
"HD 815187",3408,0.00013,"M0V",875.7,21.82
"HD 160493",3832,0.000205,"K8V",724.4,20.83
"HIP 86547",3711,73.637863,"K8IV",985,7.61
"HIP 33486",4097,131.405073,"K7III",109.9,2.19
"HD 603788",6408,0.000547,"F5V",883.2,19.9
"HIP 20469",4747,285.218262,"K9III",946.6,5.91
"HD 408002",16689,1.258481,"B5V",627.5,11.05
"HD 148838",19461,5.710904,"B3V",198.7,6.92
"HD 524247",2619,0.000044,"M7V",892.3,22
"HIP 54761",4906,101.110676,"K9III",982.4,7.21
"HIP 72652",3904,83.979683,"K2IV",903.1,7.25
"HIP 72484",3726,233.880181,"K2III",365.7,4.16
"HIP 47456",4697,274.497568,"K3III",611.6,5.06
"HD 161222",3300,0.000333,"M6V",381.9,18.65
"HD 851077",7083,0.001099,"F5V",674.6,18.89
"HD 922403",3598,0.000167,"M0V",285.4,19
"HD 936766",5199,0.000686,"K5V",920.3,19.9
"HD 630617",14439,0.606932,"B2V",966.6,12.67
"HD 484707",8293,0.00488,"DA6",834.7,17.6
"WD 9313+510",8036,0.000451,"DA6",970.2,20.6
"WD 9287+957",16193,0.000132,"DA3",431.3,19.9
"HD 611944",7747,0.002513,"A3V",545.2,17.64
"HD 575045",17701,4.293998,"B5V",938.7,10.59
"HD 726489",2751,0.000086,"M8V",783.5,21.66
"HD 704827",31158,54466.148984,"O1Ib",924.8,0.2
"HD 311394",34526,232529.747584,"O1Ia",548.8,-2.59
"HD 961623",11894,0.044072,"B4V",912.7,15.4
"HD 615367",23267,62.661656,"B2IV",928.2,7.68
"HIP 59744",4664,80.429691,"K3IV",603,6.32
"HD 483055",5355,0.000607,"G0V",476.3,18.63
"HIP 67546",3792,135.15486,"K2III",854.5,6.56
"HD 831851",2794,0.000112,"M7V",608.3,21.21
"HD 345170",2564,0.000115,"M7V",912.6,21.8
"HIP 50884",4013,90.135888,"K2IV",953.7,7.33
"HD 771285",2711,0.000142,"M8V",888.2,21.7
"HD 411325",3072,0.000089,"M7V",516.9,21.12
"HD 487033",6777,0.003164,"F7V",796.8,17.98
"HD 261656",22306,83.193095,"B5IV",329.9,5.21
"HD 978177",7716,0.003944,"A7V",278.5,15.53
"HD 410721",26052,713.250211,"B1III",829.8,4.7
"TYC 9114-412-1",9501,218765.932645,"A5Ia",691.8,-1.9
"HIP 41622",3604,352.752739,"M4III",456.3,4.05
"HD 559653",26125,957.33518,"B7III",967,4.8
"HD 915056",5950,0.000722,"G2V",774.8,19.51
"HD 966742",4468,0.000239,"K6V",812.7,20.93
"HIP 40693",4513,618.514953,"K1III",897.7,5.04
"WD 8821+704",9845,0.000546,"DA5",838.4,19.94
"HD 257608",4889,0.000548,"K2V",934,20.34
"HD 472388",13168,0.131174,"B0V",381.9,12.35
"HD 318577",5467,0.000772,"G7V",820,19.59
"HD 607262",2582,0.000071,"M6V",844.5,22
"HD 494917",15416,0.773597,"B0V",649.4,11.58
"HD 130266",3144,0.000146,"M6V",528.3,20.38
"HD 377548",7106,0.00312,"F8V",557,17.25
"HD 818787",30629,32402.975919,"O2Ia",598.3,-0.12
"HIP 85598",4309,505.58678,"K1III",962,5.36
"HD 572807",6055,0.001549,"F8V",985.5,19.27
"HD 694945",22542,114.453626,"B3III",915,6.83
"HD 215158",31379,38094.420276,"O9Ib",892.6,0.6
"HD 812349",5762,0.000316,"G9V",775.9,20.58
"HD 835502",17084,1.020992,"B6V",437.4,10.33
"HD 677630",4959,0.000469,"K0V",942.9,20.43
"HD 972166",5856,0.001094,"G5V",956,19.83
"HD 880316",34413,218825.392719,"O5Ia",693.6,-1.86
"HD 690742",26065,371.329876,"B3III",683.8,4.93
"HD 127950",8263,0.003819,"DA6",155.1,14.39
"HD 902004",31608,18537.164069,"O3Ia",461.5,-0.11
"WD 6144+933",9713,0.002595,"DA5",451.2,16.92
"HD 612735",22677,57.624989,"B3IV",560.2,6.65
"HIP 92917",4190,165.84377,"K8III",270.6,3.83
"HD 752450",2767,0.000089,"M0V",363.8,19.99
"HD 600409",2519,0.00006,"M7V",387.9,20.85
"HIP 43127",4929,242.718645,"K6III",780.7,6.01
"HD 846545",11803,0.053641,"B9V",815.5,15.05
"HD 816587",12409,0.10444,"B3V",750,14.15
"HD 766167",3398,0.000213,"M6V",947.3,21.28
"HD 851370",2686,0.000113,"M9V",124.7,17.81
"HD 216419",3031,0.000057,"M2V",821.1,22
"HD 315868",16764,1.147712,"B5V",977.9,12.23
"HD 452964",9462,0.013593,"A1V",764.4,16.39
"HD 334188",24838,430.482368,"B3III",221.9,2.36
"HD 175633",34588,197146.200286,"O4Ia",395,-3
"HD 927944",32691,127928.919592,"O5Ia",864.3,-0.79
"HD 371090",14970,0.331952,"B9V",202.9,9.73
"HD 471592",14993,0.876016,"B2V",498,10.82
"HIP 50594",4942,292.005526,"K3III",564.8,4.82
"HD 310456",3635,0.000349,"M1V",894.1,20.55
"WD 1888+183",15006,0.000612,"DA3",752.4,19.8
"HD 189819",3289,0.000075,"M5V",644.9,21.51
"HD 782053",3875,0.000169,"K1V",990.2,21.79
"HIP 89223",4581,57.069149,"K8IV",878.1,7.59
"HD 382472",25480,195.403334,"B5III",18.7,-2.06
"HD 119072",14996,0.442647,"B9V",736.1,12.61
"TYC 6437-841-1",19179,52750.023291,"B5Ib",732.1,-0.34
"HD 742539",5262,0.000453,"G6V",799.5,20.06
"HD 553619",19819,5.755626,"B4V",249.2,7.31
"TYC 6052-210-1",14236,30946.717766,"B3Ia",516.9,-0.36
"HD 499595",2799,0.000133,"M7V",211.7,18.63
"HD 477458",3754,0.000318,"K2V",112.6,16.2
"HD 719977",3496,0.000732,"M7V",618.9,19.2
"TYC 9716-359-1",20773,28473.805227,"B0Ia",650.9,0.11
"HD 710490",31723,31970.632541,"O6Ib",814.8,0.59
"HIP 74432",3827,87.37594,"K4IV",722.5,6.68
"HD 757793",7175,0.001333,"F5V",749.5,18.83
"HD 901288",2768,0.000072,"M4V",791,22
"HD 355531",5266,0.001378,"G5V",946.6,19.19
"HD 971734",23510,110.424589,"B7III",547.4,5.76
"HD 830523",3489,0.0006,"M7V",923.3,20.17
"HD 692290",6268,0.001132,"F5V",928.1,19.38
"WD 9811+235",6703,0.000858,"F3V",631.8,18.97
"WD 3969+935",16119,0.00124,"DA3",897.7,19.5
"WD 3106+795",12353,0.000436,"DA4",323.3,18.12
"HD 626266",28126,2600.471404,"B0III",655.2,3
"HD 467805",25413,407.299531,"B8III",855.4,5.37
"HD 105324",2589,0.00004,"M8V",908.3,22
"HD 389200",20921,21.711393,"B5IV",536,7.65
"HD 933120",2627,0.000045,"M3V",335.1,20.71
"HD 450740",11866,0.139533,"B9V",836.8,14.16
"HD 592731",28317,3561.656914,"B8III",548.9,2.15
"WD 4626+322",24353,0.000268,"DA2",496.5,19.71
"HD 573029",20184,16.515693,"B8IV",374.7,7.18
"HD 942943",33432,121344.032901,"O3Ia",833.1,-0.87
"HD 639338",5122,0.000575,"K8V",613.7,19.44
"HIP 53701",4361,78.809755,"K6IV",295.7,4.99
"HD 410998",23108,270.563058,"B6III",693.2,5.58
"HD 936489",2640,0.000079,"M2V",297.5,19.88
"HIP 18457",4032,251.93573,"K9III",830.7,5.8
"HD 195976",28855,9756.34116,"B6III",522,1.03
"HD 390035",18227,3.772127,"B9V",750.7,10.24
"HD 446392",4439,0.000279,"K0V",473.9,19.48
"HD 759951",3998,0.000336,"K2V",215.9,17.74
"HD 716700",2933,0.000094,"M7V",371.9,20.01
"HD 485346",15930,0.887406,"B0V",463.7,10.69
"HD 342209",5765,0.001323,"G2V",106.4,14.67
"HD 193935",27102,3981.70851,"B6III",733.6,2.82
"WD 6547+384",17723,0.000505,"DA2",850.9,20.13
"HD 473456",4378,0.000491,"K8V",770.8,20.05
"TYC 3678-118-1",4645,20463.771617,"K5Ia",886.9,1.15
"HIP 78798",3000,103.879225,"M8III",869.9,6.98
"HIP 86556",3193,101.598611,"M1III",765.2,6.63
"HD 734730",34453,380322.159336,"O9Ia",908.9,-1.97
"HD 487821",33867,157597.606089,"O6Ib",227.7,-3
"TYC 1047-343-1",13311,50393.125828,"B6Ib",871.7,0.3
"HD 985733",2561,0.000081,"M6V",877.7,22
"HIP 67455",4255,817.60432,"K9III",817.4,4.57
"TYC 9350-753-1",17733,11011.09887,"B0Ia",947.1,1.98
"HD 633693",19385,3.258269,"B8V",695.2,10.09
"HD 270686",14242,0.136982,"B8V",801.7,13.85
"HIP 45125",3561,437.43446,"M8III",348.8,3.33
"HD 289045",23372,92.921901,"B5IV",889.8,7.06
"HIP 36392",3214,142.200492,"M4III",935.5,6.77
"HD 997518",27495,1266.25399,"B1III",600.6,3.43
"TYC 8864-220-1",18982,178598.128467,"B8Ib",524.7,-2.23
"HD 368981",11232,0.027041,"B6V",842.4,15.74
"HD 544049",2548,0.000128,"M5V",911.6,21.68
"HD 409115",14183,0.208236,"B5V",969.5,14.13
"HD 681102",11943,0.025825,"B7V",541.2,14.84
"HIP 113054",4046,121.654348,"K1III",350.5,4.73
"HD 218057",2501,0.000132,"M6V",211.5,18.73
"HIP 2831",3913,281.188533,"K8III",383.9,4.09
"HD 993646",26003,673.219133,"B0III",608.8,4.15
"HD 675438",32025,25152.8269,"O2Ib",854,0.92
"HD 586829",7830,0.007977,"A0V",915.4,17.25
"HD 872087",12774,0.07292,"B5V",551.7,13.65
"HD 643999",5651,0.001321,"G7V",490.1,18.11
"HD 172469",2697,0.000153,"M5V",288.9,19.11
"HD 588911",2785,0.000162,"M3V",864.2,21.26
"HD 157910",5404,0.001332,"G7V",817.8,18.99
"HD 600799",16664,3.133024,"B5V",771.2,10.54
"HD 247213",9405,0.021239,"A6V",987.9,16.53
"HD 197844",14575,0.1752,"B4V",82.6,8.82
"WD 4133+958",7893,0.000332,"A6V",450.6,19.13
"HIP 76513",4516,67.904052,"K7IV",781,7.33
"TYC 7321-384-1",3556,179427.545646,"M1Ia",792.6,-1.45
"HD 740975",4049,0.00037,"K3V",564.8,19.61
"HD 196408",6435,0.001378,"F9V",826.5,18.92
"HIP 76665",4938,47.518973,"K9IV",809.3,7.81
"HD 955850",13235,0.108689,"B4V",679.3,13.76
"HD 927449",7628,0.001983,"A6V",780.3,18.46
"HD 423436",13752,0.250577,"B4V",954.7,13.59
"HD 166092",2694,0.000065,"M1V",927.1,22
"HIP 37508",3376,107.486756,"M3III",72.3,1.61
"HD 545495",6633,0.000783,"F1V",797.2,19.5
"HD 780653",4660,0.000192,"K4V",804.3,20.95
"HD 605169",27098,2462.233948,"B0III",946.3,3.52
"HD 957492",3081,0.000473,"M9V",832.4,20.03
"HD 769311",17642,1.885298,"B5V",432.3,9.85
"HD 755177",3119,0.000159,"M3V",980.1,21.76
"HD 680983",5313,0.000616,"G8V",692.1,19.38
"HD 427927",25614,443.867871,"B0III",884.1,5.31
"WD 2922+520",6817,0.001568,"F5V",527.3,18
"HIP 43002",3719,80.491687,"K9IV",125.6,3.13
"HD 321098",14058,0.289751,"B0V",877.3,13.24
"HD 658376",29078,11315.077753,"B8Ia",633.8,1.22
"HD 485594",9980,0.008557,"DA5",867.2,17.22
"HD 106757",7699,0.005976,"A0V",852.9,17.62
"HIP 109103",4602,47.028334,"K1IV",797.4,7.78
"HD 461716",11906,0.130817,"B2V",702.4,13.73
"HD 503056",9697,0.006341,"DA5",581.9,16.74
"HD 205639",13659,0.209462,"B6V",436.5,12.19
"HD 818019",14915,0.578511,"B6V",491.6,11.18
"WD 2091+705",17984,0.000301,"DA2",972.7,20.99
"HD 392103",2807,0.000056,"M4V",464.5,21.2
"HD 238666",10533,0.03615,"B7V",291.6,13.26
"HIP 96981",4235,412.600996,"K3III",897.7,5.54
"HD 549712",5448,0.001044,"G2V",740.3,19.17
"HD 605678",3391,0.000077,"M4V",843.2,22
"HIP 14170",3957,1353.594348,"K2III",171.1,0.55
"HD 646254",2552,0.000124,"M4V",995.3,21.91
"WD 6575+444",19298,0.001678,"DA2",493,17.64
"HD 460876",15255,0.639264,"B6V",442.1,11
"HD 999778",32666,62996.228119,"O5Ib",836.3,-0.04
"HD 924581",10303,0.010749,"B2V",568.9,15.81
"HD 252896",19410,11.25714,"B8IV",409,7.57
"HD 354505",18985,10.321424,"B0IV",559.5,8.59
"HD 360216",3884,0.000076,"K3V",809,22
"HD 999648",34630,429151.191318,"O0Ib",942,-2.05
"HD 856990",30125,13628.949876,"O4Ia",431.9,-0.08
"HD 882262",14232,0.303813,"B3V",979.4,13.6
"WD 2296+807",7960,0.000076,"A7V",684.3,21.61
"HD 412543",7613,0.002021,"A6V",332.6,16.63
"HD 749814",4647,0.000841,"K3V",419.6,18.1
"HD 687457",2855,0.000046,"M7V",731.2,22
"HD 445476",2879,0.000342,"M0V",493,19.36
"HD 858482",2610,0.000192,"M8V",853.5,21.26
"WD 1619+966",22480,0.00035,"DA2",444.8,19.19
"HD 336896",2677,0.000181,"M8V",574.8,20.42
"TYC 5285-186-1",13935,58221.112033,"B7Ia",838,0.07
"HD 750256",2506,0.000096,"M6V",866.2,22
"HD 713756",3184,0.000108,"M3V",532.9,20.71
"HD 831089",17056,1.091242,"B4V",586.6,11.06
"HD 863264",7834,0.008985,"A7V",711.1,16.63
"HD 745306",27109,1502.543057,"B7III",954.7,4.33
"HD 639553",6595,0.001008,"F1V",310.4,17.21
"HD 334008",21445,35.920961,"B8IV",866.1,8.13
"HD 814621",2500,0.000154,"M1V",704.3,21.12
"HIP 17787",5416,105.997052,"G3III",468.2,5.68
"HD 460173",12759,0.275746,"B2V",497.1,12.37
"HD 775212",6967,0.005111,"F7V",579.3,16.75
"HD 159833",19120,10.770646,"B9IV",628.2,8.7
"HD 134510",12664,0.078549,"B8V",746.4,14.43
"HD 610513",7341,0.004174,"F2V",460.3,16.6
"HD 312500",4309,0.000248,"K6V",851,20.99
"WD 3263+440",6460,0.000936,"F9V",683.9,18.96
"HD 768923",12208,0.020517,"B8V",994.1,16.36
"HD 407043",2933,0.000072,"M3V",995.3,22
"HD 820917",5242,0.000837,"G1V",949.3,19.87
"HD 866733",2882,0.000158,"M0V",476.7,20.15
"HD 158156",2547,0.000169,"M7V",163.7,17.83
"HD 966846",15219,0.881482,"B3V",685.4,11.58
"HD 110932",9199,0.009949,"DA5",723.7,16.52
"HD 262551",31199,60293.469267,"O8Ia",611.7,-0.62
"HD 666938",19115,5.758904,"B5V",473.7,8.59
"HD 988650",3005,0.000456,"M2V",179.2,16.74
"HD 565190",3530,0.000253,"M6V",849.5,20.81
"HD 449377",2548,0.000055,"M1V",845.1,22
"HD 130095",4599,0.000252,"K4V",803.2,20.64
"HD 811451",18709,8.076091,"B6V",117.3,5.33
"WD 7761+616",21017,0.000131,"DA2",775.8,21.36
"HD 900973",6826,0.002182,"F7V",773.9,18.38
"HD 660123",28155,2985.717201,"B1III",766.9,3.04
"HD 321652",2679,0.00007,"M3V",516.5,21.21
"HD 193314",3764,0.000222,"K9V",405.4,19.58
"WD 1388+632",14680,0.000211,"DA3",867.8,21.24
"HD 773016",2839,0.000052,"M0V",658.8,22
"HD 245157",5233,0.000227,"G1V",713.1,20.75
"HD 335498",23535,108.623289,"B1III",274.8,4.33
"HD 308034",8470,0.007134,"DA5",176.1,13.99
"HD 848646",11688,0.030299,"B5V",780.2,15.42
"HD 510683",18072,2.663465,"B9V",229.4,7.91
"HD 545082",5904,0.00213,"G3V",758.2,18.5
"HD 869143",17351,1.395111,"B4V",914.5,11.56
"HD 487756",25178,308.02899,"B2III",526.8,4.67
"WD 6839+396",14775,0.002154,"DA3",223.1,15.56
"HD 813401",12369,0.063142,"B2V",957.8,15.12
"HD 485666",2693,0.000277,"M7V",419.2,19.2
"HD 100982",14591,0.533919,"B1V",973.9,12.62
"HD 335075",17934,1.377866,"B9V",142.1,7.68
"HD 103571",3567,0.00015,"M0V",893.9,21.73
"WD 1174+190",13842,0.000068,"DA3",910.2,22
"HD 663662",2606,0.000086,"M3V",359.3,20.25
"HD 274604",3130,0.000304,"M3V",772.6,20.61
"HD 924269",3680,0.000587,"M5V",249.5,17.35
"TYC 6645-769-1",5762,81047.041741,"G5Ib",855.3,-0.44
"HIP 107392",4373,360.847969,"K9III",496.7,4.3
"HD 136155",10692,0.045762,"B0V",386.8,13.45
"HIP 51585",3965,765.097146,"K0III",775.5,4.46
"HD 636563",29150,13752.90365,"B5Ia",452.3,0.34
"HD 280284",5963,0.001581,"G9V",508.7,17.82
"HD 650788",20131,18.894426,"B0IV",590.9,7.95
"WD 5823+482",10473,0.005181,"DA4",803.8,17.6
"HD 773670",5700,0.002261,"G8V",387.2,16.85
"HD 870109",4484,0.000207,"K4V",763.4,20.8
"WD 8923+979",24837,0.002654,"DA2",433.5,17.01
"HD 918610",17368,0.937758,"B5V",729.1,11.47
"TYC 9702-451-1",19468,153769.466277,"B9Ia",590.7,-1.76
"HD 883500",24881,759.595783,"B9III",495.2,3.56
"HD 235062",4125,0.000292,"K9V",555,19.82
"HIP 79990",5302,89.183347,"G1IV",418.4,5.34
"HD 173377",13122,0.280766,"B7V",46.8,7.03
"HD 410386",3042,0.000137,"M0V",648.5,21.03
"HD 784061",4719,0.000148,"K4V",394.9,19.85
"WD 4257+109",15135,0.000427,"DA3",988.1,20.64
"HD 270182",18715,5.119362,"B1V",898.3,10.33
"HD 710122",17468,2.604306,"B4V",999.5,11.4
"HIP 54802",5011,324.267057,"K6III",932.4,5.98
"HD 936914",33160,53757.216759,"O0Ib",561.4,-0.76
"HD 409778",10774,0.056247,"B6V",333.2,13.11
"HD 750885",33236,74479.327387,"O2Ib",734.9,-0.37
"HD 831309",2503,0.00012,"M3V",789,21.6